trade_id,trade_date_int,settle_date_int,security_id_int,side_int,quantity_int,price_int,counterparty_int,book_int,trade_date_cust,settle_date_cust,security_id_cust,side_cust,quantity_cust,price_cust,counterparty_cust,book_cust,break_category,effective_trade_date,age_days,age_bucket
T100041,,,,,,,,,2026-04-25,2026-04-27,TSLA,BUY,2586.0,436.29,Morgan Stanley,EQ-LDN,MISSING_INT,2026-04-25,1,0-1d
T100046,,,,,,,,,2026-04-25,2026-04-28,GS,SELL,6089.0,279.7,UBS,EQ-NY,MISSING_INT,2026-04-25,1,0-1d
T100065,2026-04-17,2026-04-26,GS,SELL,4518.0,244.12,Goldman Sachs,EQ-LDN,2026-04-17,2026-04-26,GS,SELL,4518.0,244.12,Goldman Sachs,EQ-LDN,DUP,2026-04-17,9,>5d
T100065,2026-04-17,2026-04-26,GS,SELL,4518.0,244.12,Goldman Sachs,EQ-LDN,2026-04-17,2026-04-26,GS,SELL,4518.0,244.12,Goldman Sachs,EQ-LDN,DUP,2026-04-17,9,>5d
T100092,2026-04-22,2026-04-27,BAC,SELL,9338.0,83.24,Morgan Stanley,EQ-HK,2026-04-22,2026-04-27,BAC,SELL,9338.0,83.6562,Morgan Stanley,EQ-HK,PRICE_TOL,2026-04-22,4,2-5d
T100099,2026-04-19,2026-04-26,JPM,BUY,5318.0,297.35,JP Morgan,EQ-NY,2026-04-19,2026-04-26,JPM,BUY,5318.0,297.35,JP Morgan,EQ-NY,DUP,2026-04-19,7,>5d
T100099,2026-04-19,2026-04-26,JPM,BUY,5318.0,297.35,JP Morgan,EQ-NY,2026-04-19,2026-04-26,JPM,BUY,5318.0,297.35,JP Morgan,EQ-NY,DUP,2026-04-19,7,>5d
T100131,,,,,,,,,2026-04-20,2026-04-28,BAC,BUY,2136.0,393.53,Citi,EQ-NY,MISSING_INT,2026-04-20,6,>5d
T100133,2026-04-21,2026-04-26,MSFT,SELL,5183.0,116.05,Citi,EQ-LDN,2026-04-21,2026-04-26,MSFT,SELL,5183.0,116.6302,Citi,EQ-LDN,PRICE_TOL,2026-04-21,5,2-5d
T100149,2026-04-18,2026-04-28,AMZN,SELL,3277.0,51.18,Goldman Sachs,EQ-HK,,,,,,,,,MISSING_CUST,2026-04-18,8,>5d
T100182,2026-04-26,2026-04-28,BAC,BUY,5090.0,170.37,Morgan Stanley,EQ-HK,2026-04-26,2026-04-28,BAC,BUY,5599.0,170.37,Morgan Stanley,EQ-HK,QTY_DIFF,2026-04-26,0,0-1d
T100197,2026-04-23,2026-04-27,VOD.L,BUY,142.0,421.65,Citi,EQ-HK,2026-04-23,2026-04-27,VOD.L,BUY,142.0,423.7582,Citi,EQ-HK,PRICE_TOL,2026-04-23,3,2-5d
T100234,2026-04-22,2026-04-28,VOD.L,SELL,4716.0,63.75,Morgan Stanley,EQ-NY,,,,,,,,,MISSING_CUST,2026-04-22,4,2-5d
T100250,2026-04-19,2026-04-26,GS,SELL,3722.0,317.74,Goldman Sachs,EQ-LDN,2026-04-19,2026-04-26,GS,SELL,4094.0,317.74,Goldman Sachs,EQ-LDN,QTY_DIFF,2026-04-19,7,>5d
T100278,2026-04-21,2026-04-28,VOD.L,SELL,2348.0,265.85,Barclays,EQ-NY,,,,,,,,,MISSING_CUST,2026-04-21,5,2-5d
T100304,,,,,,,,,2026-04-24,2026-04-27,MSFT,BUY,8262.0,263.36,UBS,EQ-NY,MISSING_INT,2026-04-24,2,2-5d
T100305,2026-04-26,2026-04-28,AAPL,SELL,4465.0,401.88,Goldman Sachs,EQ-HK,2026-04-26,2026-04-28,AAPL,SELL,4465.0,403.8894,Goldman Sachs,EQ-HK,PRICE_TOL,2026-04-26,0,0-1d
T100340,2026-04-20,2026-04-27,MSFT,SELL,4771.0,72.6,Morgan Stanley,EQ-HK,2026-04-20,2026-04-27,MSFT,SELL,5248.0,72.6,Morgan Stanley,EQ-HK,QTY_DIFF,2026-04-20,6,>5d
T100341,,,,,,,,,2026-04-18,2026-04-28,JPM,SELL,657.0,337.94,Goldman Sachs,EQ-HK,MISSING_INT,2026-04-18,8,>5d
T100355,2026-04-21,2026-04-28,AMZN,BUY,4335.0,347.56,Barclays,EQ-LDN,,,,,,,,,MISSING_CUST,2026-04-21,5,2-5d
T100365,2026-04-26,2026-04-26,GS,SELL,9705.0,197.91,UBS,EQ-HK,2026-04-26,2026-04-26,GS,SELL,10675.0,197.91,UBS,EQ-HK,QTY_DIFF,2026-04-26,0,0-1d
T100400,2026-04-22,2026-04-28,AAPL,SELL,7867.0,442.69,JP Morgan,EQ-LDN,2026-04-22,2026-04-28,AAPL,SELL,7867.0,444.9034,JP Morgan,EQ-LDN,PRICE_TOL,2026-04-22,4,2-5d
T100402,2026-04-20,2026-04-28,AMZN,BUY,4063.0,302.23,UBS,EQ-LDN,2026-04-20,2026-04-28,AMZN,BUY,4063.0,303.7412,UBS,EQ-LDN,PRICE_TOL,2026-04-20,6,>5d
T100465,,,,,,,,,2026-04-17,2026-04-28,HSBA.L,SELL,9214.0,451.24,Morgan Stanley,EQ-LDN,MISSING_INT,2026-04-17,9,>5d
T100488,2026-04-23,2026-04-27,AAPL,SELL,5104.0,83.58,Morgan Stanley,EQ-HK,2026-04-23,2026-04-27,AAPL,SELL,5104.0,83.9979,Morgan Stanley,EQ-HK,PRICE_TOL,2026-04-23,3,2-5d
T100520,2026-04-23,2026-04-27,VOD.L,SELL,5096.0,218.73,JP Morgan,EQ-NY,2026-04-23,2026-04-27,VOD.L,SELL,5096.0,218.73,JP Morgan,EQ-NY,DUP,2026-04-23,3,2-5d
T100520,2026-04-23,2026-04-27,VOD.L,SELL,5096.0,218.73,JP Morgan,EQ-NY,2026-04-23,2026-04-27,VOD.L,SELL,5096.0,218.73,JP Morgan,EQ-NY,DUP,2026-04-23,3,2-5d
T100574,,,,,,,,,2026-04-18,2026-04-28,JPM,SELL,1802.0,467.1,Morgan Stanley,EQ-NY,MISSING_INT,2026-04-18,8,>5d
T100591,2026-04-23,2026-04-26,HSBA.L,BUY,3978.0,437.1,Barclays,EQ-HK,2026-04-23,2026-04-26,HSBA.L,BUY,3978.0,437.1,Barclays,EQ-HK,DUP,2026-04-23,3,2-5d
T100591,2026-04-23,2026-04-26,HSBA.L,BUY,3978.0,437.1,Barclays,EQ-HK,2026-04-23,2026-04-26,HSBA.L,BUY,3978.0,437.1,Barclays,EQ-HK,DUP,2026-04-23,3,2-5d
T100599,,,,,,,,,2026-04-26,2026-04-26,AAPL,SELL,2290.0,267.38,UBS,EQ-NY,MISSING_INT,2026-04-26,0,0-1d
T100622,2026-04-26,2026-04-26,HSBA.L,BUY,9022.0,265.85,Goldman Sachs,EQ-NY,2026-04-26,2026-04-26,HSBA.L,BUY,9022.0,265.85,Goldman Sachs,EQ-NY,DUP,2026-04-26,0,0-1d
T100622,2026-04-26,2026-04-26,HSBA.L,BUY,9022.0,265.85,Goldman Sachs,EQ-NY,2026-04-26,2026-04-26,HSBA.L,BUY,9022.0,265.85,Goldman Sachs,EQ-NY,DUP,2026-04-26,0,0-1d
T100651,2026-04-25,2026-04-26,GOOG,SELL,5308.0,189.51,Barclays,EQ-NY,2026-04-25,2026-04-26,GOOG,SELL,5308.0,189.51,Barclays,EQ-NY,DUP,2026-04-25,1,0-1d
T100651,2026-04-25,2026-04-26,GOOG,SELL,5308.0,189.51,Barclays,EQ-NY,2026-04-25,2026-04-26,GOOG,SELL,5308.0,189.51,Barclays,EQ-NY,DUP,2026-04-25,1,0-1d
T100660,2026-04-22,2026-04-26,GOOG,SELL,5909.0,317.35,Morgan Stanley,EQ-NY,2026-04-22,2026-04-26,GOOG,SELL,5909.0,317.35,Morgan Stanley,EQ-NY,DUP,2026-04-22,4,2-5d
T100660,2026-04-22,2026-04-26,GOOG,SELL,5909.0,317.35,Morgan Stanley,EQ-NY,2026-04-22,2026-04-26,GOOG,SELL,5909.0,317.35,Morgan Stanley,EQ-NY,DUP,2026-04-22,4,2-5d
T100671,2026-04-26,2026-04-27,BAC,BUY,3597.0,147.91,JP Morgan,EQ-LDN,2026-04-26,2026-04-27,BAC,BUY,3956.0,147.91,JP Morgan,EQ-LDN,QTY_DIFF,2026-04-26,0,0-1d
T100693,2026-04-18,2026-04-26,TSLA,BUY,9517.0,168.35,Citi,EQ-NY,2026-04-18,2026-04-26,TSLA,BUY,9517.0,168.35,Citi,EQ-NY,DUP,2026-04-18,8,>5d
T100693,2026-04-18,2026-04-26,TSLA,BUY,9517.0,168.35,Citi,EQ-NY,2026-04-18,2026-04-26,TSLA,BUY,9517.0,168.35,Citi,EQ-NY,DUP,2026-04-18,8,>5d
T100705,2026-04-25,2026-04-26,HSBA.L,BUY,7935.0,212.43,Barclays,EQ-LDN,,,,,,,,,MISSING_CUST,2026-04-25,1,0-1d
T100721,2026-04-19,2026-04-28,TSLA,BUY,2589.0,496.35,JP Morgan,EQ-LDN,,,,,,,,,MISSING_CUST,2026-04-19,7,>5d
T100764,2026-04-17,2026-04-26,TSLA,BUY,9301.0,359.02,Barclays,EQ-HK,2026-04-17,2026-04-26,TSLA,BUY,10231.0,359.02,Barclays,EQ-HK,QTY_DIFF,2026-04-17,9,>5d
T100776,2026-04-23,2026-04-26,MSFT,BUY,589.0,141.04,Citi,EQ-HK,2026-04-23,2026-04-26,MSFT,BUY,647.0,141.04,Citi,EQ-HK,QTY_DIFF,2026-04-23,3,2-5d
T100784,2026-04-19,2026-04-26,AAPL,BUY,7877.0,383.91,Barclays,EQ-HK,2026-04-19,2026-04-26,AAPL,BUY,8664.0,383.91,Barclays,EQ-HK,QTY_DIFF,2026-04-19,7,>5d
T100791,,,,,,,,,2026-04-21,2026-04-28,GS,SELL,5649.0,242.81,Citi,EQ-LDN,MISSING_INT,2026-04-21,5,2-5d
T100819,2026-04-24,2026-04-26,TSLA,BUY,3247.0,201.32,Goldman Sachs,EQ-HK,2026-04-24,2026-04-26,TSLA,BUY,3247.0,201.32,Goldman Sachs,EQ-HK,DUP,2026-04-24,2,2-5d
T100819,2026-04-24,2026-04-26,TSLA,BUY,3247.0,201.32,Goldman Sachs,EQ-HK,2026-04-24,2026-04-26,TSLA,BUY,3247.0,201.32,Goldman Sachs,EQ-HK,DUP,2026-04-24,2,2-5d
T100847,2026-04-23,2026-04-26,AAPL,SELL,1913.0,78.78,Morgan Stanley,EQ-NY,,,,,,,,,MISSING_CUST,2026-04-23,3,2-5d
T100883,2026-04-19,2026-04-26,JPM,SELL,9775.0,122.21,Barclays,EQ-LDN,2026-04-19,2026-04-26,JPM,SELL,10752.0,122.21,Barclays,EQ-LDN,QTY_DIFF,2026-04-19,7,>5d
T100890,2026-04-25,2026-04-26,GS,SELL,2554.0,224.42,UBS,EQ-LDN,2026-04-25,2026-04-26,GS,SELL,2809.0,224.42,UBS,EQ-LDN,QTY_DIFF,2026-04-25,1,0-1d
T100922,2026-04-23,2026-04-26,JPM,SELL,8191.0,397.7,Barclays,EQ-HK,,,,,,,,,MISSING_CUST,2026-04-23,3,2-5d
T100933,2026-04-26,2026-04-26,GOOG,SELL,5494.0,75.88,UBS,EQ-LDN,2026-04-26,2026-04-26,GOOG,SELL,5494.0,75.88,UBS,EQ-LDN,DUP,2026-04-26,0,0-1d
T100933,2026-04-26,2026-04-26,GOOG,SELL,5494.0,75.88,UBS,EQ-LDN,2026-04-26,2026-04-26,GOOG,SELL,5494.0,75.88,UBS,EQ-LDN,DUP,2026-04-26,0,0-1d
T100945,2026-04-20,2026-04-26,AAPL,BUY,8561.0,153.65,Morgan Stanley,EQ-NY,,,,,,,,,MISSING_CUST,2026-04-20,6,>5d
T100946,2026-04-24,2026-04-28,HSBA.L,SELL,4927.0,376.65,Barclays,EQ-LDN,2026-04-24,2026-04-28,HSBA.L,SELL,4927.0,376.65,Barclays,EQ-LDN,DUP,2026-04-24,2,2-5d
T100946,2026-04-24,2026-04-28,HSBA.L,SELL,4927.0,376.65,Barclays,EQ-LDN,2026-04-24,2026-04-28,HSBA.L,SELL,4927.0,376.65,Barclays,EQ-LDN,DUP,2026-04-24,2,2-5d
T100971,2026-04-26,2026-04-28,BAC,BUY,9488.0,156.31,Goldman Sachs,EQ-NY,2026-04-26,2026-04-28,BAC,BUY,9488.0,157.0915,Goldman Sachs,EQ-NY,PRICE_TOL,2026-04-26,0,0-1d
T100980,,,,,,,,,2026-04-23,2026-04-28,TSLA,SELL,1967.0,308.08,UBS,EQ-HK,MISSING_INT,2026-04-23,3,2-5d
T100990,2026-04-19,2026-04-28,VOD.L,BUY,738.0,279.13,Barclays,EQ-NY,2026-04-19,2026-04-28,VOD.L,BUY,811.0,279.13,Barclays,EQ-NY,QTY_DIFF,2026-04-19,7,>5d
T101016,,,,,,,,,2026-04-21,2026-04-26,GOOG,SELL,2330.0,250.52,Citi,EQ-LDN,MISSING_INT,2026-04-21,5,2-5d
T101025,2026-04-18,2026-04-27,MSFT,BUY,6937.0,407.4,Citi,EQ-LDN,2026-04-18,2026-04-27,MSFT,BUY,6937.0,409.437,Citi,EQ-LDN,PRICE_TOL,2026-04-18,8,>5d
T101038,2026-04-22,2026-04-28,MSFT,SELL,8741.0,444.39,UBS,EQ-NY,2026-04-22,2026-04-28,MSFT,SELL,9615.0,444.39,UBS,EQ-NY,QTY_DIFF,2026-04-22,4,2-5d
T101045,2026-04-21,2026-04-26,VOD.L,SELL,8928.0,300.25,Goldman Sachs,EQ-HK,2026-04-21,2026-04-26,VOD.L,SELL,8928.0,300.25,Goldman Sachs,EQ-HK,DUP,2026-04-21,5,2-5d
T101045,2026-04-21,2026-04-26,VOD.L,SELL,8928.0,300.25,Goldman Sachs,EQ-HK,2026-04-21,2026-04-26,VOD.L,SELL,8928.0,300.25,Goldman Sachs,EQ-HK,DUP,2026-04-21,5,2-5d
T101076,2026-04-26,2026-04-27,AAPL,BUY,2553.0,104.66,Barclays,EQ-HK,2026-04-26,2026-04-27,AAPL,BUY,2553.0,104.66,Barclays,EQ-HK,DUP,2026-04-26,0,0-1d
T101076,2026-04-26,2026-04-27,AAPL,BUY,2553.0,104.66,Barclays,EQ-HK,2026-04-26,2026-04-27,AAPL,BUY,2553.0,104.66,Barclays,EQ-HK,DUP,2026-04-26,0,0-1d
T101089,2026-04-25,2026-04-26,HSBA.L,BUY,910.0,332.96,JP Morgan,EQ-NY,2026-04-25,2026-04-26,HSBA.L,BUY,1001.0,332.96,JP Morgan,EQ-NY,QTY_DIFF,2026-04-25,1,0-1d
T101126,,,,,,,,,2026-04-25,2026-04-26,VOD.L,SELL,1195.0,349.5,Goldman Sachs,EQ-LDN,MISSING_INT,2026-04-25,1,0-1d
T101137,,,,,,,,,2026-04-20,2026-04-28,AAPL,BUY,4868.0,159.4,UBS,EQ-NY,MISSING_INT,2026-04-20,6,>5d
T101166,2026-04-21,2026-04-27,MSFT,BUY,8359.0,191.61,Morgan Stanley,EQ-HK,2026-04-21,2026-04-27,MSFT,BUY,9194.0,191.61,Morgan Stanley,EQ-HK,QTY_DIFF,2026-04-21,5,2-5d
T101176,2026-04-18,2026-04-26,GOOG,SELL,2931.0,71.11,Morgan Stanley,EQ-NY,2026-04-18,2026-04-26,GOOG,SELL,3224.0,71.11,Morgan Stanley,EQ-NY,QTY_DIFF,2026-04-18,8,>5d
T101207,2026-04-22,2026-04-27,AMZN,BUY,3094.0,150.77,Morgan Stanley,EQ-LDN,2026-04-22,2026-04-27,AMZN,BUY,3094.0,150.77,Morgan Stanley,EQ-LDN,DUP,2026-04-22,4,2-5d
T101207,2026-04-22,2026-04-27,AMZN,BUY,3094.0,150.77,Morgan Stanley,EQ-LDN,2026-04-22,2026-04-27,AMZN,BUY,3094.0,150.77,Morgan Stanley,EQ-LDN,DUP,2026-04-22,4,2-5d
T101218,2026-04-22,2026-04-28,AMZN,BUY,1498.0,227.31,Barclays,EQ-HK,2026-04-22,2026-04-28,AMZN,BUY,1498.0,228.4465,Barclays,EQ-HK,PRICE_TOL,2026-04-22,4,2-5d
T101221,2026-04-21,2026-04-28,HSBA.L,SELL,2457.0,381.17,JP Morgan,EQ-HK,2026-04-21,2026-04-28,HSBA.L,SELL,2457.0,383.0758,JP Morgan,EQ-HK,PRICE_TOL,2026-04-21,5,2-5d
T101225,2026-04-23,2026-04-27,GOOG,BUY,887.0,347.24,Goldman Sachs,EQ-HK,,,,,,,,,MISSING_CUST,2026-04-23,3,2-5d
T101246,2026-04-23,2026-04-28,TSLA,BUY,9142.0,487.63,Morgan Stanley,EQ-LDN,2026-04-23,2026-04-28,TSLA,BUY,9142.0,490.0681,Morgan Stanley,EQ-LDN,PRICE_TOL,2026-04-23,3,2-5d
T101255,2026-04-22,2026-04-28,TSLA,BUY,7481.0,238.14,Citi,EQ-NY,,,,,,,,,MISSING_CUST,2026-04-22,4,2-5d
T101257,,,,,,,,,2026-04-18,2026-04-28,VOD.L,BUY,2466.0,79.3,UBS,EQ-HK,MISSING_INT,2026-04-18,8,>5d
T101269,2026-04-22,2026-04-26,MSFT,SELL,9339.0,227.09,Morgan Stanley,EQ-NY,2026-04-22,2026-04-26,MSFT,SELL,9339.0,228.2254,Morgan Stanley,EQ-NY,PRICE_TOL,2026-04-22,4,2-5d
T101275,2026-04-26,2026-04-27,GS,SELL,192.0,412.65,Barclays,EQ-HK,,,,,,,,,MISSING_CUST,2026-04-26,0,0-1d
T101295,2026-04-18,2026-04-27,VOD.L,SELL,860.0,72.33,Citi,EQ-NY,,,,,,,,,MISSING_CUST,2026-04-18,8,>5d
T101317,2026-04-25,2026-04-28,VOD.L,SELL,4168.0,483.28,JP Morgan,EQ-LDN,2026-04-25,2026-04-28,VOD.L,SELL,4168.0,485.6964,JP Morgan,EQ-LDN,PRICE_TOL,2026-04-25,1,0-1d
T101344,2026-04-20,2026-04-28,TSLA,BUY,4407.0,328.5,JP Morgan,EQ-LDN,,,,,,,,,MISSING_CUST,2026-04-20,6,>5d
T101373,2026-04-19,2026-04-27,MSFT,BUY,3741.0,90.7,Morgan Stanley,EQ-LDN,2026-04-19,2026-04-27,MSFT,BUY,3741.0,90.7,Morgan Stanley,EQ-LDN,DUP,2026-04-19,7,>5d
T101373,2026-04-19,2026-04-27,MSFT,BUY,3741.0,90.7,Morgan Stanley,EQ-LDN,2026-04-19,2026-04-27,MSFT,BUY,3741.0,90.7,Morgan Stanley,EQ-LDN,DUP,2026-04-19,7,>5d
T101377,2026-04-22,2026-04-28,VOD.L,SELL,6809.0,110.93,UBS,EQ-NY,2026-04-22,2026-04-28,VOD.L,SELL,7489.0,110.93,UBS,EQ-NY,QTY_DIFF,2026-04-22,4,2-5d
T101388,2026-04-23,2026-04-26,GOOG,BUY,6694.0,67.04,UBS,EQ-NY,2026-04-23,2026-04-26,GOOG,BUY,6694.0,67.04,UBS,EQ-NY,DUP,2026-04-23,3,2-5d
T101388,2026-04-23,2026-04-26,GOOG,BUY,6694.0,67.04,UBS,EQ-NY,2026-04-23,2026-04-26,GOOG,BUY,6694.0,67.04,UBS,EQ-NY,DUP,2026-04-23,3,2-5d
T101407,2026-04-18,2026-04-28,AAPL,BUY,1331.0,141.03,Goldman Sachs,EQ-HK,2026-04-18,2026-04-28,AAPL,BUY,1331.0,141.7351,Goldman Sachs,EQ-HK,PRICE_TOL,2026-04-18,8,>5d
T101413,2026-04-24,2026-04-28,JPM,BUY,470.0,323.65,Morgan Stanley,EQ-HK,2026-04-24,2026-04-28,JPM,BUY,517.0,323.65,Morgan Stanley,EQ-HK,QTY_DIFF,2026-04-24,2,2-5d
T101471,,,,,,,,,2026-04-20,2026-04-26,AAPL,BUY,380.0,208.56,Barclays,EQ-HK,MISSING_INT,2026-04-20,6,>5d
T101477,,,,,,,,,2026-04-17,2026-04-26,TSLA,BUY,3967.0,460.35,Morgan Stanley,EQ-LDN,MISSING_INT,2026-04-17,9,>5d
T101496,2026-04-17,2026-04-28,AAPL,BUY,2236.0,242.2,Citi,EQ-HK,2026-04-17,2026-04-28,AAPL,BUY,2459.0,242.2,Citi,EQ-HK,QTY_DIFF,2026-04-17,9,>5d
T101502,2026-04-23,2026-04-28,AAPL,BUY,3118.0,167.91,Morgan Stanley,EQ-HK,2026-04-23,2026-04-28,AAPL,BUY,3118.0,168.7495,Morgan Stanley,EQ-HK,PRICE_TOL,2026-04-23,3,2-5d
T101527,2026-04-25,2026-04-28,GS,BUY,5857.0,75.15,UBS,EQ-LDN,2026-04-25,2026-04-28,GS,BUY,5857.0,75.15,UBS,EQ-LDN,DUP,2026-04-25,1,0-1d
T101527,2026-04-25,2026-04-28,GS,BUY,5857.0,75.15,UBS,EQ-LDN,2026-04-25,2026-04-28,GS,BUY,5857.0,75.15,UBS,EQ-LDN,DUP,2026-04-25,1,0-1d
T101545,2026-04-21,2026-04-26,HSBA.L,SELL,7208.0,155.63,UBS,EQ-LDN,,,,,,,,,MISSING_CUST,2026-04-21,5,2-5d
T101560,2026-04-18,2026-04-28,MSFT,SELL,1469.0,302.7,JP Morgan,EQ-HK,2026-04-18,2026-04-28,MSFT,SELL,1615.0,302.7,JP Morgan,EQ-HK,QTY_DIFF,2026-04-18,8,>5d
T101575,2026-04-26,2026-04-28,HSBA.L,BUY,7718.0,190.27,Morgan Stanley,EQ-LDN,,,,,,,,,MISSING_CUST,2026-04-26,0,0-1d
T101582,,,,,,,,,2026-04-21,2026-04-26,AAPL,SELL,5546.0,266.73,Barclays,EQ-NY,MISSING_INT,2026-04-21,5,2-5d
T101586,2026-04-19,2026-04-26,AAPL,BUY,1410.0,256.56,UBS,EQ-NY,2026-04-19,2026-04-26,AAPL,BUY,1410.0,256.56,UBS,EQ-NY,DUP,2026-04-19,7,>5d
T101586,2026-04-19,2026-04-26,AAPL,BUY,1410.0,256.56,UBS,EQ-NY,2026-04-19,2026-04-26,AAPL,BUY,1410.0,256.56,UBS,EQ-NY,DUP,2026-04-19,7,>5d
T101602,2026-04-18,2026-04-28,AAPL,SELL,9724.0,403.36,Goldman Sachs,EQ-LDN,2026-04-18,2026-04-28,AAPL,SELL,9724.0,405.3768,Goldman Sachs,EQ-LDN,PRICE_TOL,2026-04-18,8,>5d
T101631,2026-04-26,2026-04-26,TSLA,SELL,9263.0,117.56,Barclays,EQ-LDN,2026-04-26,2026-04-26,TSLA,SELL,9263.0,117.56,Barclays,EQ-LDN,DUP,2026-04-26,0,0-1d
T101631,2026-04-26,2026-04-26,TSLA,SELL,9263.0,117.56,Barclays,EQ-LDN,2026-04-26,2026-04-26,TSLA,SELL,9263.0,117.56,Barclays,EQ-LDN,DUP,2026-04-26,0,0-1d
T101644,2026-04-23,2026-04-26,BAC,SELL,9300.0,249.67,JP Morgan,EQ-NY,,,,,,,,,MISSING_CUST,2026-04-23,3,2-5d
T101656,2026-04-21,2026-04-26,VOD.L,BUY,1906.0,149.12,Barclays,EQ-LDN,2026-04-21,2026-04-26,VOD.L,BUY,1906.0,149.8656,Barclays,EQ-LDN,PRICE_TOL,2026-04-21,5,2-5d
T101660,2026-04-17,2026-04-28,MSFT,BUY,1124.0,271.89,Barclays,EQ-LDN,2026-04-17,2026-04-28,MSFT,BUY,1236.0,271.89,Barclays,EQ-LDN,QTY_DIFF,2026-04-17,9,>5d
T101687,2026-04-19,2026-04-26,AAPL,SELL,9856.0,370.58,UBS,EQ-NY,2026-04-19,2026-04-26,AAPL,SELL,9856.0,372.4329,UBS,EQ-NY,PRICE_TOL,2026-04-19,7,>5d
T101696,2026-04-18,2026-04-28,MSFT,BUY,2217.0,355.99,UBS,EQ-NY,,,,,,,,,MISSING_CUST,2026-04-18,8,>5d
T101708,2026-04-24,2026-04-26,AAPL,SELL,1891.0,231.05,Barclays,EQ-HK,,,,,,,,,MISSING_CUST,2026-04-24,2,2-5d
T101714,2026-04-19,2026-04-28,AMZN,BUY,2914.0,422.82,Citi,EQ-HK,2026-04-19,2026-04-28,AMZN,BUY,3205.0,422.82,Citi,EQ-HK,QTY_DIFF,2026-04-19,7,>5d
T101725,,,,,,,,,2026-04-22,2026-04-28,AAPL,SELL,9647.0,450.55,JP Morgan,EQ-NY,MISSING_INT,2026-04-22,4,2-5d
T101741,,,,,,,,,2026-04-24,2026-04-28,BAC,SELL,1819.0,172.69,Morgan Stanley,EQ-HK,MISSING_INT,2026-04-24,2,2-5d
T101754,2026-04-18,2026-04-26,BAC,BUY,372.0,97.63,Citi,EQ-LDN,2026-04-18,2026-04-26,BAC,BUY,409.0,97.63,Citi,EQ-LDN,QTY_DIFF,2026-04-18,8,>5d
T101770,2026-04-19,2026-04-26,GOOG,SELL,6238.0,341.74,JP Morgan,EQ-HK,2026-04-19,2026-04-26,GOOG,SELL,6861.0,341.74,JP Morgan,EQ-HK,QTY_DIFF,2026-04-19,7,>5d
T101775,2026-04-18,2026-04-28,MSFT,BUY,1276.0,402.08,Morgan Stanley,EQ-LDN,,,,,,,,,MISSING_CUST,2026-04-18,8,>5d
T101779,2026-04-26,2026-04-26,AAPL,SELL,2728.0,168.59,Citi,EQ-LDN,,,,,,,,,MISSING_CUST,2026-04-26,0,0-1d
T101785,,,,,,,,,2026-04-22,2026-04-26,AAPL,BUY,9670.0,480.85,Barclays,EQ-NY,MISSING_INT,2026-04-22,4,2-5d
T101790,2026-04-23,2026-04-28,HSBA.L,SELL,5953.0,423.66,Goldman Sachs,EQ-NY,2026-04-23,2026-04-28,HSBA.L,SELL,5953.0,423.66,Goldman Sachs,EQ-NY,DUP,2026-04-23,3,2-5d
T101790,2026-04-23,2026-04-28,HSBA.L,SELL,5953.0,423.66,Goldman Sachs,EQ-NY,2026-04-23,2026-04-28,HSBA.L,SELL,5953.0,423.66,Goldman Sachs,EQ-NY,DUP,2026-04-23,3,2-5d
T101791,2026-04-22,2026-04-28,MSFT,SELL,3872.0,322.2,Morgan Stanley,EQ-LDN,,,,,,,,,MISSING_CUST,2026-04-22,4,2-5d
T101824,2026-04-25,2026-04-28,JPM,SELL,536.0,273.43,Citi,EQ-LDN,,,,,,,,,MISSING_CUST,2026-04-25,1,0-1d
T101828,2026-04-19,2026-04-28,GOOG,SELL,5774.0,59.51,Morgan Stanley,EQ-NY,2026-04-19,2026-04-28,GOOG,SELL,5774.0,59.8075,Morgan Stanley,EQ-NY,PRICE_TOL,2026-04-19,7,>5d
T101847,2026-04-18,2026-04-27,GOOG,BUY,4110.0,82.91,Barclays,EQ-NY,,,,,,,,,MISSING_CUST,2026-04-18,8,>5d
T101863,2026-04-26,2026-04-27,GOOG,BUY,5090.0,410.08,UBS,EQ-HK,2026-04-26,2026-04-27,GOOG,BUY,5090.0,410.08,UBS,EQ-HK,DUP,2026-04-26,0,0-1d
T101863,2026-04-26,2026-04-27,GOOG,BUY,5090.0,410.08,UBS,EQ-HK,2026-04-26,2026-04-27,GOOG,BUY,5090.0,410.08,UBS,EQ-HK,DUP,2026-04-26,0,0-1d
T101867,2026-04-18,2026-04-27,HSBA.L,SELL,2103.0,268.56,Morgan Stanley,EQ-HK,2026-04-18,2026-04-27,HSBA.L,SELL,2103.0,268.56,Morgan Stanley,EQ-HK,DUP,2026-04-18,8,>5d
T101867,2026-04-18,2026-04-27,HSBA.L,SELL,2103.0,268.56,Morgan Stanley,EQ-HK,2026-04-18,2026-04-27,HSBA.L,SELL,2103.0,268.56,Morgan Stanley,EQ-HK,DUP,2026-04-18,8,>5d
T101889,2026-04-19,2026-04-27,HSBA.L,BUY,5987.0,310.33,Goldman Sachs,EQ-HK,,,,,,,,,MISSING_CUST,2026-04-19,7,>5d
T101896,2026-04-25,2026-04-28,TSLA,SELL,2443.0,343.64,JP Morgan,EQ-HK,2026-04-25,2026-04-28,TSLA,SELL,2443.0,343.64,JP Morgan,EQ-HK,DUP,2026-04-25,1,0-1d
T101896,2026-04-25,2026-04-28,TSLA,SELL,2443.0,343.64,JP Morgan,EQ-HK,2026-04-25,2026-04-28,TSLA,SELL,2443.0,343.64,JP Morgan,EQ-HK,DUP,2026-04-25,1,0-1d
T101945,2026-04-20,2026-04-27,GS,BUY,2081.0,163.85,Morgan Stanley,EQ-HK,2026-04-20,2026-04-27,GS,BUY,2081.0,163.85,Morgan Stanley,EQ-HK,DUP,2026-04-20,6,>5d
T101945,2026-04-20,2026-04-27,GS,BUY,2081.0,163.85,Morgan Stanley,EQ-HK,2026-04-20,2026-04-27,GS,BUY,2081.0,163.85,Morgan Stanley,EQ-HK,DUP,2026-04-20,6,>5d
T101962,2026-04-22,2026-04-26,JPM,SELL,3806.0,357.58,Citi,EQ-NY,2026-04-22,2026-04-26,JPM,SELL,3806.0,357.58,Citi,EQ-NY,DUP,2026-04-22,4,2-5d
T101962,2026-04-22,2026-04-26,JPM,SELL,3806.0,357.58,Citi,EQ-NY,2026-04-22,2026-04-26,JPM,SELL,3806.0,357.58,Citi,EQ-NY,DUP,2026-04-22,4,2-5d
T101970,2026-04-18,2026-04-27,GOOG,BUY,9651.0,493.53,UBS,EQ-LDN,2026-04-18,2026-04-27,GOOG,BUY,9651.0,495.9976,UBS,EQ-LDN,PRICE_TOL,2026-04-18,8,>5d
T101987,,,,,,,,,2026-04-22,2026-04-28,GS,SELL,5951.0,387.56,Goldman Sachs,EQ-NY,MISSING_INT,2026-04-22,4,2-5d
T102009,2026-04-17,2026-04-28,JPM,BUY,3550.0,259.45,Citi,EQ-NY,2026-04-17,2026-04-28,JPM,BUY,3905.0,259.45,Citi,EQ-NY,QTY_DIFF,2026-04-17,9,>5d
T102031,2026-04-21,2026-04-26,JPM,SELL,1713.0,293.52,Morgan Stanley,EQ-NY,2026-04-21,2026-04-26,JPM,SELL,1713.0,293.52,Morgan Stanley,EQ-NY,DUP,2026-04-21,5,2-5d
T102031,2026-04-21,2026-04-26,JPM,SELL,1713.0,293.52,Morgan Stanley,EQ-NY,2026-04-21,2026-04-26,JPM,SELL,1713.0,293.52,Morgan Stanley,EQ-NY,DUP,2026-04-21,5,2-5d
T102036,,,,,,,,,2026-04-17,2026-04-28,MSFT,SELL,9032.0,350.23,JP Morgan,EQ-HK,MISSING_INT,2026-04-17,9,>5d
T102048,2026-04-23,2026-04-28,VOD.L,BUY,1944.0,284.72,Goldman Sachs,EQ-HK,2026-04-23,2026-04-28,VOD.L,BUY,1944.0,284.72,Goldman Sachs,EQ-HK,DUP,2026-04-23,3,2-5d
T102048,2026-04-23,2026-04-28,VOD.L,BUY,1944.0,284.72,Goldman Sachs,EQ-HK,2026-04-23,2026-04-28,VOD.L,BUY,1944.0,284.72,Goldman Sachs,EQ-HK,DUP,2026-04-23,3,2-5d
T102054,,,,,,,,,2026-04-18,2026-04-28,JPM,BUY,8576.0,397.65,Citi,EQ-HK,MISSING_INT,2026-04-18,8,>5d
T102085,2026-04-23,2026-04-28,HSBA.L,BUY,3764.0,335.82,Citi,EQ-HK,,,,,,,,,MISSING_CUST,2026-04-23,3,2-5d
T102097,,,,,,,,,2026-04-23,2026-04-28,AAPL,BUY,3270.0,133.65,Morgan Stanley,EQ-HK,MISSING_INT,2026-04-23,3,2-5d
T102098,2026-04-20,2026-04-27,VOD.L,BUY,7573.0,76.08,Goldman Sachs,EQ-LDN,2026-04-20,2026-04-27,VOD.L,BUY,7573.0,76.4604,Goldman Sachs,EQ-LDN,PRICE_TOL,2026-04-20,6,>5d
T102107,2026-04-22,2026-04-27,TSLA,BUY,2961.0,291.73,Morgan Stanley,EQ-NY,,,,,,,,,MISSING_CUST,2026-04-22,4,2-5d
T102150,2026-04-23,2026-04-28,JPM,BUY,2589.0,414.26,Morgan Stanley,EQ-LDN,2026-04-23,2026-04-28,JPM,BUY,2847.0,414.26,Morgan Stanley,EQ-LDN,QTY_DIFF,2026-04-23,3,2-5d
T102160,2026-04-22,2026-04-28,MSFT,SELL,2008.0,165.44,Citi,EQ-NY,,,,,,,,,MISSING_CUST,2026-04-22,4,2-5d
T102177,2026-04-26,2026-04-26,HSBA.L,BUY,296.0,448.54,UBS,EQ-NY,2026-04-26,2026-04-26,HSBA.L,BUY,296.0,450.7827,UBS,EQ-NY,PRICE_TOL,2026-04-26,0,0-1d
T102237,,,,,,,,,2026-04-21,2026-04-26,TSLA,SELL,3210.0,221.57,Goldman Sachs,EQ-NY,MISSING_INT,2026-04-21,5,2-5d
T102254,2026-04-22,2026-04-26,GOOG,BUY,6701.0,415.68,JP Morgan,EQ-HK,2026-04-22,2026-04-26,GOOG,BUY,6701.0,417.7584,JP Morgan,EQ-HK,PRICE_TOL,2026-04-22,4,2-5d
T102257,,,,,,,,,2026-04-19,2026-04-27,VOD.L,SELL,694.0,269.71,UBS,EQ-HK,MISSING_INT,2026-04-19,7,>5d
T102309,2026-04-18,2026-04-28,AMZN,BUY,9462.0,471.45,Goldman Sachs,EQ-NY,2026-04-18,2026-04-28,AMZN,BUY,9462.0,471.45,Goldman Sachs,EQ-NY,DUP,2026-04-18,8,>5d
T102309,2026-04-18,2026-04-28,AMZN,BUY,9462.0,471.45,Goldman Sachs,EQ-NY,2026-04-18,2026-04-28,AMZN,BUY,9462.0,471.45,Goldman Sachs,EQ-NY,DUP,2026-04-18,8,>5d
T102337,2026-04-24,2026-04-27,HSBA.L,SELL,4635.0,201.62,JP Morgan,EQ-LDN,,,,,,,,,MISSING_CUST,2026-04-24,2,2-5d
T102342,2026-04-17,2026-04-26,AMZN,BUY,8563.0,90.22,Morgan Stanley,EQ-LDN,2026-04-17,2026-04-26,AMZN,BUY,9419.0,90.22,Morgan Stanley,EQ-LDN,QTY_DIFF,2026-04-17,9,>5d
T102369,,,,,,,,,2026-04-19,2026-04-26,AAPL,BUY,9405.0,239.65,JP Morgan,EQ-LDN,MISSING_INT,2026-04-19,7,>5d
T102391,2026-04-17,2026-04-27,GOOG,BUY,1481.0,90.14,Citi,EQ-NY,,,,,,,,,MISSING_CUST,2026-04-17,9,>5d
T102421,2026-04-19,2026-04-28,VOD.L,SELL,3927.0,390.34,JP Morgan,EQ-LDN,2026-04-19,2026-04-28,VOD.L,SELL,3927.0,390.34,JP Morgan,EQ-LDN,DUP,2026-04-19,7,>5d
T102421,2026-04-19,2026-04-28,VOD.L,SELL,3927.0,390.34,JP Morgan,EQ-LDN,2026-04-19,2026-04-28,VOD.L,SELL,3927.0,390.34,JP Morgan,EQ-LDN,DUP,2026-04-19,7,>5d
T102439,2026-04-20,2026-04-27,GS,BUY,5456.0,260.71,UBS,EQ-HK,2026-04-20,2026-04-27,GS,BUY,6001.0,260.71,UBS,EQ-HK,QTY_DIFF,2026-04-20,6,>5d
T102465,2026-04-26,2026-04-28,BAC,SELL,6861.0,276.52,JP Morgan,EQ-LDN,2026-04-26,2026-04-28,BAC,SELL,6861.0,276.52,JP Morgan,EQ-LDN,DUP,2026-04-26,0,0-1d
T102465,2026-04-26,2026-04-28,BAC,SELL,6861.0,276.52,JP Morgan,EQ-LDN,2026-04-26,2026-04-28,BAC,SELL,6861.0,276.52,JP Morgan,EQ-LDN,DUP,2026-04-26,0,0-1d
T102474,2026-04-26,2026-04-27,GS,BUY,5227.0,474.46,Barclays,EQ-NY,2026-04-26,2026-04-27,GS,BUY,5227.0,476.8323,Barclays,EQ-NY,PRICE_TOL,2026-04-26,0,0-1d
T102483,2026-04-18,2026-04-28,JPM,SELL,891.0,253.3,Morgan Stanley,EQ-HK,2026-04-18,2026-04-28,JPM,SELL,891.0,253.3,Morgan Stanley,EQ-HK,DUP,2026-04-18,8,>5d
T102483,2026-04-18,2026-04-28,JPM,SELL,891.0,253.3,Morgan Stanley,EQ-HK,2026-04-18,2026-04-28,JPM,SELL,891.0,253.3,Morgan Stanley,EQ-HK,DUP,2026-04-18,8,>5d
T102489,2026-04-21,2026-04-26,AAPL,BUY,7311.0,314.8,UBS,EQ-NY,2026-04-21,2026-04-26,AAPL,BUY,7311.0,316.374,UBS,EQ-NY,PRICE_TOL,2026-04-21,5,2-5d
T102509,2026-04-23,2026-04-28,TSLA,SELL,8632.0,453.34,JP Morgan,EQ-NY,,,,,,,,,MISSING_CUST,2026-04-23,3,2-5d
T102522,2026-04-23,2026-04-28,VOD.L,BUY,5784.0,358.67,Morgan Stanley,EQ-NY,2026-04-23,2026-04-28,VOD.L,BUY,6362.0,358.67,Morgan Stanley,EQ-NY,QTY_DIFF,2026-04-23,3,2-5d
T102533,2026-04-19,2026-04-27,GOOG,BUY,3756.0,488.09,Citi,EQ-LDN,,,,,,,,,MISSING_CUST,2026-04-19,7,>5d
T102538,2026-04-21,2026-04-28,AMZN,BUY,403.0,284.58,Citi,EQ-NY,2026-04-21,2026-04-28,AMZN,BUY,403.0,286.0029,Citi,EQ-NY,PRICE_TOL,2026-04-21,5,2-5d
T102575,2026-04-18,2026-04-27,MSFT,SELL,8384.0,471.77,JP Morgan,EQ-NY,2026-04-18,2026-04-27,MSFT,SELL,8384.0,474.1288,JP Morgan,EQ-NY,PRICE_TOL,2026-04-18,8,>5d
T102611,2026-04-25,2026-04-28,AAPL,SELL,1397.0,307.09,UBS,EQ-HK,2026-04-25,2026-04-28,AAPL,SELL,1536.0,307.09,UBS,EQ-HK,QTY_DIFF,2026-04-25,1,0-1d
T102612,2026-04-24,2026-04-28,JPM,BUY,7497.0,175.17,Goldman Sachs,EQ-HK,,,,,,,,,MISSING_CUST,2026-04-24,2,2-5d
T102637,2026-04-17,2026-04-26,JPM,SELL,6951.0,426.49,Barclays,EQ-LDN,,,,,,,,,MISSING_CUST,2026-04-17,9,>5d
T102722,2026-04-19,2026-04-26,VOD.L,SELL,4225.0,258.8,Morgan Stanley,EQ-LDN,2026-04-19,2026-04-26,VOD.L,SELL,4225.0,258.8,Morgan Stanley,EQ-LDN,DUP,2026-04-19,7,>5d
T102722,2026-04-19,2026-04-26,VOD.L,SELL,4225.0,258.8,Morgan Stanley,EQ-LDN,2026-04-19,2026-04-26,VOD.L,SELL,4225.0,258.8,Morgan Stanley,EQ-LDN,DUP,2026-04-19,7,>5d
T102732,2026-04-24,2026-04-28,TSLA,SELL,9530.0,372.07,Barclays,EQ-NY,2026-04-24,2026-04-28,TSLA,SELL,10483.0,372.07,Barclays,EQ-NY,QTY_DIFF,2026-04-24,2,2-5d
T102794,2026-04-17,2026-04-26,HSBA.L,SELL,7390.0,216.68,Barclays,EQ-LDN,2026-04-17,2026-04-26,HSBA.L,SELL,7390.0,217.7634,Barclays,EQ-LDN,PRICE_TOL,2026-04-17,9,>5d
T102837,2026-04-24,2026-04-27,GOOG,BUY,6439.0,78.39,Citi,EQ-HK,2026-04-24,2026-04-27,GOOG,BUY,7082.0,78.39,Citi,EQ-HK,QTY_DIFF,2026-04-24,2,2-5d
T102850,2026-04-24,2026-04-26,TSLA,SELL,7034.0,223.44,UBS,EQ-HK,2026-04-24,2026-04-26,TSLA,SELL,7034.0,224.5572,UBS,EQ-HK,PRICE_TOL,2026-04-24,2,2-5d
T102878,,,,,,,,,2026-04-25,2026-04-26,AAPL,BUY,4869.0,317.97,Citi,EQ-LDN,MISSING_INT,2026-04-25,1,0-1d
T102882,2026-04-18,2026-04-26,BAC,SELL,5602.0,303.09,Morgan Stanley,EQ-HK,2026-04-18,2026-04-26,BAC,SELL,5602.0,304.6054,Morgan Stanley,EQ-HK,PRICE_TOL,2026-04-18,8,>5d
T102888,2026-04-21,2026-04-27,AMZN,BUY,197.0,424.21,Barclays,EQ-NY,2026-04-21,2026-04-27,AMZN,BUY,197.0,426.331,Barclays,EQ-NY,PRICE_TOL,2026-04-21,5,2-5d
T102912,2026-04-17,2026-04-26,TSLA,BUY,9118.0,76.47,JP Morgan,EQ-NY,2026-04-17,2026-04-26,TSLA,BUY,9118.0,76.8523,JP Morgan,EQ-NY,PRICE_TOL,2026-04-17,9,>5d
T102918,2026-04-21,2026-04-27,BAC,BUY,8212.0,480.49,UBS,EQ-NY,2026-04-21,2026-04-27,BAC,BUY,9033.0,480.49,UBS,EQ-NY,QTY_DIFF,2026-04-21,5,2-5d
T102940,2026-04-26,2026-04-27,AMZN,BUY,760.0,280.31,JP Morgan,EQ-NY,,,,,,,,,MISSING_CUST,2026-04-26,0,0-1d
T102981,2026-04-23,2026-04-28,HSBA.L,BUY,4294.0,284.89,JP Morgan,EQ-HK,2026-04-23,2026-04-28,HSBA.L,BUY,4294.0,286.3144,JP Morgan,EQ-HK,PRICE_TOL,2026-04-23,3,2-5d
T102986,2026-04-24,2026-04-27,BAC,SELL,7845.0,140.07,Barclays,EQ-LDN,2026-04-24,2026-04-27,BAC,SELL,8629.0,140.07,Barclays,EQ-LDN,QTY_DIFF,2026-04-24,2,2-5d
T102997,2026-04-26,2026-04-26,MSFT,SELL,1830.0,105.6,JP Morgan,EQ-LDN,2026-04-26,2026-04-26,MSFT,SELL,2013.0,105.6,JP Morgan,EQ-LDN,QTY_DIFF,2026-04-26,0,0-1d
T103006,2026-04-23,2026-04-28,VOD.L,BUY,8645.0,233.98,Morgan Stanley,EQ-HK,2026-04-23,2026-04-28,VOD.L,BUY,8645.0,233.98,Morgan Stanley,EQ-HK,DUP,2026-04-23,3,2-5d
T103006,2026-04-23,2026-04-28,VOD.L,BUY,8645.0,233.98,Morgan Stanley,EQ-HK,2026-04-23,2026-04-28,VOD.L,BUY,8645.0,233.98,Morgan Stanley,EQ-HK,DUP,2026-04-23,3,2-5d
T103015,2026-04-24,2026-04-28,HSBA.L,BUY,6559.0,239.76,Barclays,EQ-NY,2026-04-24,2026-04-28,HSBA.L,BUY,6559.0,240.9588,Barclays,EQ-NY,PRICE_TOL,2026-04-24,2,2-5d
T103054,2026-04-19,2026-04-26,GOOG,BUY,9422.0,136.65,Barclays,EQ-HK,,,,,,,,,MISSING_CUST,2026-04-19,7,>5d
T103100,2026-04-23,2026-04-28,TSLA,BUY,9046.0,445.8,Goldman Sachs,EQ-NY,,,,,,,,,MISSING_CUST,2026-04-23,3,2-5d
T103153,2026-04-20,2026-04-26,BAC,BUY,6808.0,55.91,Morgan Stanley,EQ-LDN,2026-04-20,2026-04-26,BAC,BUY,6808.0,56.1895,Morgan Stanley,EQ-LDN,PRICE_TOL,2026-04-20,6,>5d
T103172,2026-04-19,2026-04-26,AAPL,BUY,7961.0,70.8,Goldman Sachs,EQ-LDN,2026-04-19,2026-04-26,AAPL,BUY,8757.0,70.8,Goldman Sachs,EQ-LDN,QTY_DIFF,2026-04-19,7,>5d
T103174,2026-04-21,2026-04-27,BAC,BUY,6700.0,224.55,UBS,EQ-NY,2026-04-21,2026-04-27,BAC,BUY,6700.0,225.6728,UBS,EQ-NY,PRICE_TOL,2026-04-21,5,2-5d
T103177,2026-04-20,2026-04-27,MSFT,BUY,7109.0,159.04,Citi,EQ-NY,,,,,,,,,MISSING_CUST,2026-04-20,6,>5d
T103297,2026-04-19,2026-04-26,GS,SELL,9613.0,266.73,Morgan Stanley,EQ-NY,2026-04-19,2026-04-26,GS,SELL,9613.0,268.0636,Morgan Stanley,EQ-NY,PRICE_TOL,2026-04-19,7,>5d
T103341,2026-04-24,2026-04-28,JPM,BUY,4422.0,347.47,UBS,EQ-NY,2026-04-24,2026-04-28,JPM,BUY,4422.0,347.47,UBS,EQ-NY,DUP,2026-04-24,2,2-5d
T103341,2026-04-24,2026-04-28,JPM,BUY,4422.0,347.47,UBS,EQ-NY,2026-04-24,2026-04-28,JPM,BUY,4422.0,347.47,UBS,EQ-NY,DUP,2026-04-24,2,2-5d
T103344,,,,,,,,,2026-04-26,2026-04-26,AAPL,BUY,6668.0,342.92,Morgan Stanley,EQ-LDN,MISSING_INT,2026-04-26,0,0-1d
T103353,2026-04-20,2026-04-27,VOD.L,SELL,6672.0,199.33,Morgan Stanley,EQ-NY,2026-04-20,2026-04-27,VOD.L,SELL,6672.0,200.3266,Morgan Stanley,EQ-NY,PRICE_TOL,2026-04-20,6,>5d
T103392,2026-04-17,2026-04-27,GOOG,BUY,2889.0,364.68,Citi,EQ-NY,2026-04-17,2026-04-27,GOOG,BUY,2889.0,366.5034,Citi,EQ-NY,PRICE_TOL,2026-04-17,9,>5d
T103397,,,,,,,,,2026-04-21,2026-04-26,HSBA.L,SELL,2762.0,300.67,Barclays,EQ-LDN,MISSING_INT,2026-04-21,5,2-5d
T103426,,,,,,,,,2026-04-21,2026-04-28,AAPL,BUY,3819.0,223.68,Citi,EQ-LDN,MISSING_INT,2026-04-21,5,2-5d
T103435,2026-04-18,2026-04-28,JPM,BUY,3955.0,228.73,JP Morgan,EQ-LDN,,,,,,,,,MISSING_CUST,2026-04-18,8,>5d
T103460,2026-04-18,2026-04-26,AAPL,SELL,2129.0,216.43,Barclays,EQ-NY,,,,,,,,,MISSING_CUST,2026-04-18,8,>5d
T103495,,,,,,,,,2026-04-23,2026-04-26,GS,BUY,5003.0,128.46,Citi,EQ-LDN,MISSING_INT,2026-04-23,3,2-5d
T103511,2026-04-24,2026-04-27,GS,BUY,1132.0,313.08,Barclays,EQ-LDN,2026-04-24,2026-04-27,GS,BUY,1132.0,314.6454,Barclays,EQ-LDN,PRICE_TOL,2026-04-24,2,2-5d
T103519,2026-04-23,2026-04-27,GS,SELL,3115.0,64.29,UBS,EQ-HK,2026-04-23,2026-04-27,GS,SELL,3115.0,64.6114,UBS,EQ-HK,PRICE_TOL,2026-04-23,3,2-5d
T103569,2026-04-22,2026-04-27,JPM,SELL,2063.0,422.42,Goldman Sachs,EQ-HK,,,,,,,,,MISSING_CUST,2026-04-22,4,2-5d
T103579,,,,,,,,,2026-04-24,2026-04-26,VOD.L,BUY,6221.0,254.52,Morgan Stanley,EQ-HK,MISSING_INT,2026-04-24,2,2-5d
T103633,,,,,,,,,2026-04-22,2026-04-28,AAPL,BUY,4759.0,436.04,Goldman Sachs,EQ-HK,MISSING_INT,2026-04-22,4,2-5d
T103670,2026-04-22,2026-04-26,VOD.L,SELL,7545.0,460.34,Citi,EQ-HK,2026-04-22,2026-04-26,VOD.L,SELL,7545.0,460.34,Citi,EQ-HK,DUP,2026-04-22,4,2-5d
T103670,2026-04-22,2026-04-26,VOD.L,SELL,7545.0,460.34,Citi,EQ-HK,2026-04-22,2026-04-26,VOD.L,SELL,7545.0,460.34,Citi,EQ-HK,DUP,2026-04-22,4,2-5d
T103682,,,,,,,,,2026-04-21,2026-04-26,MSFT,BUY,4907.0,109.61,Morgan Stanley,EQ-HK,MISSING_INT,2026-04-21,5,2-5d
T103693,2026-04-22,2026-04-27,HSBA.L,SELL,8195.0,414.23,JP Morgan,EQ-HK,2026-04-22,2026-04-27,HSBA.L,SELL,9014.0,414.23,JP Morgan,EQ-HK,QTY_DIFF,2026-04-22,4,2-5d
T103719,2026-04-18,2026-04-28,AAPL,SELL,1681.0,206.61,Barclays,EQ-LDN,,,,,,,,,MISSING_CUST,2026-04-18,8,>5d
T103742,2026-04-20,2026-04-28,VOD.L,SELL,1334.0,306.75,Barclays,EQ-HK,,,,,,,,,MISSING_CUST,2026-04-20,6,>5d
T103746,,,,,,,,,2026-04-18,2026-04-28,VOD.L,BUY,5008.0,114.99,UBS,EQ-LDN,MISSING_INT,2026-04-18,8,>5d
T103753,,,,,,,,,2026-04-24,2026-04-26,GOOG,SELL,5251.0,363.14,Citi,EQ-HK,MISSING_INT,2026-04-24,2,2-5d
T103771,,,,,,,,,2026-04-25,2026-04-27,MSFT,BUY,3333.0,189.63,Barclays,EQ-HK,MISSING_INT,2026-04-25,1,0-1d
T103792,2026-04-23,2026-04-26,AAPL,SELL,2112.0,245.49,UBS,EQ-HK,2026-04-23,2026-04-26,AAPL,SELL,2112.0,246.7174,UBS,EQ-HK,PRICE_TOL,2026-04-23,3,2-5d
T103808,,,,,,,,,2026-04-24,2026-04-28,VOD.L,BUY,3498.0,136.71,Goldman Sachs,EQ-NY,MISSING_INT,2026-04-24,2,2-5d
T103809,,,,,,,,,2026-04-25,2026-04-28,AMZN,BUY,4651.0,437.28,Citi,EQ-HK,MISSING_INT,2026-04-25,1,0-1d
T103827,,,,,,,,,2026-04-24,2026-04-28,AAPL,SELL,9595.0,363.41,UBS,EQ-LDN,MISSING_INT,2026-04-24,2,2-5d
T103828,2026-04-21,2026-04-27,AMZN,SELL,8287.0,266.93,UBS,EQ-NY,2026-04-21,2026-04-27,AMZN,SELL,8287.0,266.93,UBS,EQ-NY,DUP,2026-04-21,5,2-5d
T103828,2026-04-21,2026-04-27,AMZN,SELL,8287.0,266.93,UBS,EQ-NY,2026-04-21,2026-04-27,AMZN,SELL,8287.0,266.93,UBS,EQ-NY,DUP,2026-04-21,5,2-5d
T103832,,,,,,,,,2026-04-23,2026-04-27,GOOG,BUY,578.0,402.04,JP Morgan,EQ-LDN,MISSING_INT,2026-04-23,3,2-5d
T103838,2026-04-20,2026-04-27,VOD.L,BUY,9697.0,316.78,Morgan Stanley,EQ-LDN,2026-04-20,2026-04-27,VOD.L,BUY,9697.0,318.3639,Morgan Stanley,EQ-LDN,PRICE_TOL,2026-04-20,6,>5d
T103879,2026-04-23,2026-04-26,MSFT,SELL,7540.0,499.47,Citi,EQ-HK,2026-04-23,2026-04-26,MSFT,SELL,7540.0,501.9674,Citi,EQ-HK,PRICE_TOL,2026-04-23,3,2-5d
T103880,2026-04-18,2026-04-26,BAC,SELL,5916.0,490.18,Citi,EQ-HK,2026-04-18,2026-04-26,BAC,SELL,6507.0,490.18,Citi,EQ-HK,QTY_DIFF,2026-04-18,8,>5d
T103893,,,,,,,,,2026-04-18,2026-04-26,BAC,SELL,7108.0,78.86,UBS,EQ-NY,MISSING_INT,2026-04-18,8,>5d
T103902,,,,,,,,,2026-04-17,2026-04-27,AAPL,SELL,909.0,146.51,Barclays,EQ-LDN,MISSING_INT,2026-04-17,9,>5d
T103911,2026-04-23,2026-04-26,AMZN,SELL,5915.0,399.86,Barclays,EQ-LDN,2026-04-23,2026-04-26,AMZN,SELL,6506.0,399.86,Barclays,EQ-LDN,QTY_DIFF,2026-04-23,3,2-5d
T103930,2026-04-17,2026-04-27,GOOG,SELL,5421.0,366.42,JP Morgan,EQ-LDN,2026-04-17,2026-04-27,GOOG,SELL,5963.0,366.42,JP Morgan,EQ-LDN,QTY_DIFF,2026-04-17,9,>5d
T103937,2026-04-18,2026-04-26,GOOG,SELL,7426.0,107.14,JP Morgan,EQ-LDN,2026-04-18,2026-04-26,GOOG,SELL,7426.0,107.14,JP Morgan,EQ-LDN,DUP,2026-04-18,8,>5d
T103937,2026-04-18,2026-04-26,GOOG,SELL,7426.0,107.14,JP Morgan,EQ-LDN,2026-04-18,2026-04-26,GOOG,SELL,7426.0,107.14,JP Morgan,EQ-LDN,DUP,2026-04-18,8,>5d
T103940,2026-04-17,2026-04-28,BAC,BUY,2671.0,441.63,Goldman Sachs,EQ-NY,2026-04-17,2026-04-28,BAC,BUY,2671.0,441.63,Goldman Sachs,EQ-NY,DUP,2026-04-17,9,>5d
T103940,2026-04-17,2026-04-28,BAC,BUY,2671.0,441.63,Goldman Sachs,EQ-NY,2026-04-17,2026-04-28,BAC,BUY,2671.0,441.63,Goldman Sachs,EQ-NY,DUP,2026-04-17,9,>5d
T103949,2026-04-19,2026-04-27,AAPL,BUY,8301.0,357.01,JP Morgan,EQ-LDN,2026-04-19,2026-04-27,AAPL,BUY,8301.0,358.795,JP Morgan,EQ-LDN,PRICE_TOL,2026-04-19,7,>5d
T103953,2026-04-20,2026-04-26,TSLA,BUY,2814.0,469.56,UBS,EQ-HK,2026-04-20,2026-04-26,TSLA,BUY,2814.0,471.9078,UBS,EQ-HK,PRICE_TOL,2026-04-20,6,>5d
T103962,,,,,,,,,2026-04-17,2026-04-28,JPM,BUY,2935.0,292.35,JP Morgan,EQ-HK,MISSING_INT,2026-04-17,9,>5d
T103976,2026-04-20,2026-04-27,MSFT,SELL,1373.0,288.7,Morgan Stanley,EQ-HK,2026-04-20,2026-04-27,MSFT,SELL,1510.0,288.7,Morgan Stanley,EQ-HK,QTY_DIFF,2026-04-20,6,>5d
T104014,2026-04-20,2026-04-27,GS,SELL,2731.0,89.43,Goldman Sachs,EQ-NY,2026-04-20,2026-04-27,GS,SELL,2731.0,89.43,Goldman Sachs,EQ-NY,DUP,2026-04-20,6,>5d
T104014,2026-04-20,2026-04-27,GS,SELL,2731.0,89.43,Goldman Sachs,EQ-NY,2026-04-20,2026-04-27,GS,SELL,2731.0,89.43,Goldman Sachs,EQ-NY,DUP,2026-04-20,6,>5d
T104022,2026-04-22,2026-04-28,MSFT,SELL,8376.0,96.93,Morgan Stanley,EQ-HK,2026-04-22,2026-04-28,MSFT,SELL,8376.0,96.93,Morgan Stanley,EQ-HK,DUP,2026-04-22,4,2-5d
T104022,2026-04-22,2026-04-28,MSFT,SELL,8376.0,96.93,Morgan Stanley,EQ-HK,2026-04-22,2026-04-28,MSFT,SELL,8376.0,96.93,Morgan Stanley,EQ-HK,DUP,2026-04-22,4,2-5d
T104023,2026-04-22,2026-04-27,MSFT,BUY,3912.0,469.9,Citi,EQ-LDN,2026-04-22,2026-04-27,MSFT,BUY,4303.0,469.9,Citi,EQ-LDN,QTY_DIFF,2026-04-22,4,2-5d
T104080,2026-04-20,2026-04-28,BAC,SELL,6741.0,106.43,Citi,EQ-LDN,,,,,,,,,MISSING_CUST,2026-04-20,6,>5d
T104119,2026-04-21,2026-04-27,GS,BUY,4735.0,462.18,Morgan Stanley,EQ-HK,,,,,,,,,MISSING_CUST,2026-04-21,5,2-5d
T104176,2026-04-23,2026-04-27,AMZN,BUY,4259.0,276.49,Goldman Sachs,EQ-HK,,,,,,,,,MISSING_CUST,2026-04-23,3,2-5d
T104180,2026-04-25,2026-04-27,HSBA.L,SELL,6128.0,71.98,Goldman Sachs,EQ-NY,,,,,,,,,MISSING_CUST,2026-04-25,1,0-1d
T104195,2026-04-18,2026-04-27,TSLA,BUY,4328.0,154.52,UBS,EQ-NY,,,,,,,,,MISSING_CUST,2026-04-18,8,>5d
T104272,2026-04-21,2026-04-26,VOD.L,BUY,1371.0,88.64,Morgan Stanley,EQ-NY,2026-04-21,2026-04-26,VOD.L,BUY,1371.0,89.0832,Morgan Stanley,EQ-NY,PRICE_TOL,2026-04-21,5,2-5d
T104278,2026-04-21,2026-04-26,GOOG,SELL,8672.0,447.85,UBS,EQ-NY,2026-04-21,2026-04-26,GOOG,SELL,8672.0,447.85,UBS,EQ-NY,DUP,2026-04-21,5,2-5d
T104278,2026-04-21,2026-04-26,GOOG,SELL,8672.0,447.85,UBS,EQ-NY,2026-04-21,2026-04-26,GOOG,SELL,8672.0,447.85,UBS,EQ-NY,DUP,2026-04-21,5,2-5d
T104288,2026-04-19,2026-04-27,GS,BUY,3215.0,56.57,Morgan Stanley,EQ-LDN,2026-04-19,2026-04-27,GS,BUY,3536.0,56.57,Morgan Stanley,EQ-LDN,QTY_DIFF,2026-04-19,7,>5d
T104295,,,,,,,,,2026-04-24,2026-04-27,AMZN,SELL,2870.0,226.53,Morgan Stanley,EQ-HK,MISSING_INT,2026-04-24,2,2-5d
T104328,2026-04-25,2026-04-26,GOOG,SELL,7909.0,262.52,Goldman Sachs,EQ-LDN,2026-04-25,2026-04-26,GOOG,SELL,7909.0,262.52,Goldman Sachs,EQ-LDN,DUP,2026-04-25,1,0-1d
T104328,2026-04-25,2026-04-26,GOOG,SELL,7909.0,262.52,Goldman Sachs,EQ-LDN,2026-04-25,2026-04-26,GOOG,SELL,7909.0,262.52,Goldman Sachs,EQ-LDN,DUP,2026-04-25,1,0-1d
T104341,,,,,,,,,2026-04-18,2026-04-26,TSLA,BUY,9924.0,188.82,Citi,EQ-NY,MISSING_INT,2026-04-18,8,>5d
T104344,2026-04-21,2026-04-26,AMZN,SELL,6385.0,63.68,Goldman Sachs,EQ-LDN,,,,,,,,,MISSING_CUST,2026-04-21,5,2-5d
T104355,,,,,,,,,2026-04-17,2026-04-28,GS,BUY,7506.0,457.26,Barclays,EQ-LDN,MISSING_INT,2026-04-17,9,>5d
T104357,2026-04-24,2026-04-27,TSLA,SELL,7171.0,458.53,JP Morgan,EQ-HK,2026-04-24,2026-04-27,TSLA,SELL,7888.0,458.53,JP Morgan,EQ-HK,QTY_DIFF,2026-04-24,2,2-5d
T104374,2026-04-23,2026-04-27,TSLA,SELL,6313.0,188.88,JP Morgan,EQ-NY,2026-04-23,2026-04-27,TSLA,SELL,6313.0,188.88,JP Morgan,EQ-NY,DUP,2026-04-23,3,2-5d
T104374,2026-04-23,2026-04-27,TSLA,SELL,6313.0,188.88,JP Morgan,EQ-NY,2026-04-23,2026-04-27,TSLA,SELL,6313.0,188.88,JP Morgan,EQ-NY,DUP,2026-04-23,3,2-5d
T104413,2026-04-22,2026-04-26,GS,SELL,4042.0,125.78,UBS,EQ-LDN,2026-04-22,2026-04-26,GS,SELL,4446.0,125.78,UBS,EQ-LDN,QTY_DIFF,2026-04-22,4,2-5d
T104433,2026-04-22,2026-04-27,AAPL,BUY,7251.0,382.07,Barclays,EQ-LDN,,,,,,,,,MISSING_CUST,2026-04-22,4,2-5d
T104492,2026-04-19,2026-04-28,VOD.L,BUY,7819.0,488.13,Morgan Stanley,EQ-LDN,,,,,,,,,MISSING_CUST,2026-04-19,7,>5d
T104597,2026-04-18,2026-04-28,GS,SELL,6700.0,350.08,Goldman Sachs,EQ-NY,,,,,,,,,MISSING_CUST,2026-04-18,8,>5d
T104626,2026-04-24,2026-04-28,AAPL,SELL,6712.0,255.63,Citi,EQ-NY,2026-04-24,2026-04-28,AAPL,SELL,6712.0,255.63,Citi,EQ-NY,DUP,2026-04-24,2,2-5d
T104626,2026-04-24,2026-04-28,AAPL,SELL,6712.0,255.63,Citi,EQ-NY,2026-04-24,2026-04-28,AAPL,SELL,6712.0,255.63,Citi,EQ-NY,DUP,2026-04-24,2,2-5d
T104627,,,,,,,,,2026-04-21,2026-04-28,AMZN,SELL,5068.0,272.12,Citi,EQ-NY,MISSING_INT,2026-04-21,5,2-5d
T104653,2026-04-21,2026-04-28,AAPL,BUY,4023.0,58.4,JP Morgan,EQ-LDN,2026-04-21,2026-04-28,AAPL,BUY,4425.0,58.4,JP Morgan,EQ-LDN,QTY_DIFF,2026-04-21,5,2-5d
T104657,2026-04-17,2026-04-26,TSLA,SELL,9114.0,494.83,Citi,EQ-HK,,,,,,,,,MISSING_CUST,2026-04-17,9,>5d
T104675,2026-04-19,2026-04-26,JPM,SELL,9583.0,212.42,Barclays,EQ-HK,,,,,,,,,MISSING_CUST,2026-04-19,7,>5d
T104693,,,,,,,,,2026-04-19,2026-04-27,AAPL,SELL,1133.0,234.74,UBS,EQ-HK,MISSING_INT,2026-04-19,7,>5d
T104698,2026-04-22,2026-04-26,VOD.L,SELL,5117.0,93.19,UBS,EQ-NY,,,,,,,,,MISSING_CUST,2026-04-22,4,2-5d
T104714,,,,,,,,,2026-04-26,2026-04-26,JPM,BUY,4175.0,420.99,JP Morgan,EQ-NY,MISSING_INT,2026-04-26,0,0-1d
T104718,2026-04-24,2026-04-27,BAC,BUY,5318.0,294.67,Goldman Sachs,EQ-NY,2026-04-24,2026-04-27,BAC,BUY,5849.0,294.67,Goldman Sachs,EQ-NY,QTY_DIFF,2026-04-24,2,2-5d
T104728,2026-04-23,2026-04-27,GOOG,SELL,8553.0,388.09,Goldman Sachs,EQ-LDN,2026-04-23,2026-04-27,GOOG,SELL,8553.0,388.09,Goldman Sachs,EQ-LDN,DUP,2026-04-23,3,2-5d
T104728,2026-04-23,2026-04-27,GOOG,SELL,8553.0,388.09,Goldman Sachs,EQ-LDN,2026-04-23,2026-04-27,GOOG,SELL,8553.0,388.09,Goldman Sachs,EQ-LDN,DUP,2026-04-23,3,2-5d
T104764,2026-04-21,2026-04-26,AMZN,SELL,3192.0,394.49,Barclays,EQ-HK,2026-04-21,2026-04-26,AMZN,SELL,3511.0,394.49,Barclays,EQ-HK,QTY_DIFF,2026-04-21,5,2-5d
T104812,,,,,,,,,2026-04-21,2026-04-27,GOOG,SELL,5056.0,383.54,JP Morgan,EQ-HK,MISSING_INT,2026-04-21,5,2-5d
T104818,2026-04-22,2026-04-27,MSFT,BUY,2634.0,264.4,JP Morgan,EQ-LDN,2026-04-22,2026-04-27,MSFT,BUY,2634.0,264.4,JP Morgan,EQ-LDN,DUP,2026-04-22,4,2-5d
T104818,2026-04-22,2026-04-27,MSFT,BUY,2634.0,264.4,JP Morgan,EQ-LDN,2026-04-22,2026-04-27,MSFT,BUY,2634.0,264.4,JP Morgan,EQ-LDN,DUP,2026-04-22,4,2-5d
T104824,2026-04-25,2026-04-28,VOD.L,BUY,6495.0,201.23,JP Morgan,EQ-HK,2026-04-25,2026-04-28,VOD.L,BUY,7144.0,201.23,JP Morgan,EQ-HK,QTY_DIFF,2026-04-25,1,0-1d
T104907,2026-04-23,2026-04-27,BAC,SELL,7990.0,449.03,Goldman Sachs,EQ-HK,,,,,,,,,MISSING_CUST,2026-04-23,3,2-5d
T104925,2026-04-20,2026-04-27,MSFT,BUY,5946.0,291.45,Citi,EQ-HK,2026-04-20,2026-04-27,MSFT,BUY,5946.0,291.45,Citi,EQ-HK,DUP,2026-04-20,6,>5d
T104925,2026-04-20,2026-04-27,MSFT,BUY,5946.0,291.45,Citi,EQ-HK,2026-04-20,2026-04-27,MSFT,BUY,5946.0,291.45,Citi,EQ-HK,DUP,2026-04-20,6,>5d
T104943,2026-04-18,2026-04-28,VOD.L,BUY,7711.0,192.71,Citi,EQ-LDN,2026-04-18,2026-04-28,VOD.L,BUY,7711.0,193.6735,Citi,EQ-LDN,PRICE_TOL,2026-04-18,8,>5d
T104959,2026-04-25,2026-04-26,GOOG,BUY,4005.0,366.64,UBS,EQ-HK,2026-04-25,2026-04-26,GOOG,BUY,4405.0,366.64,UBS,EQ-HK,QTY_DIFF,2026-04-25,1,0-1d
T104969,2026-04-17,2026-04-26,TSLA,BUY,4425.0,421.67,Citi,EQ-LDN,2026-04-17,2026-04-26,TSLA,BUY,4867.0,421.67,Citi,EQ-LDN,QTY_DIFF,2026-04-17,9,>5d
T105052,2026-04-24,2026-04-27,MSFT,BUY,4316.0,179.21,Goldman Sachs,EQ-NY,2026-04-24,2026-04-27,MSFT,BUY,4747.0,179.21,Goldman Sachs,EQ-NY,QTY_DIFF,2026-04-24,2,2-5d
T105059,2026-04-25,2026-04-26,AMZN,SELL,5104.0,480.79,UBS,EQ-NY,2026-04-25,2026-04-26,AMZN,SELL,5104.0,483.194,UBS,EQ-NY,PRICE_TOL,2026-04-25,1,0-1d
T105068,2026-04-19,2026-04-26,BAC,SELL,2760.0,266.36,Barclays,EQ-NY,2026-04-19,2026-04-26,BAC,SELL,3036.0,266.36,Barclays,EQ-NY,QTY_DIFF,2026-04-19,7,>5d
T105093,,,,,,,,,2026-04-26,2026-04-26,TSLA,SELL,5799.0,169.15,Citi,EQ-NY,MISSING_INT,2026-04-26,0,0-1d
T105102,,,,,,,,,2026-04-17,2026-04-26,TSLA,BUY,4874.0,459.94,UBS,EQ-HK,MISSING_INT,2026-04-17,9,>5d
T105114,,,,,,,,,2026-04-23,2026-04-28,AAPL,SELL,9274.0,130.75,Citi,EQ-LDN,MISSING_INT,2026-04-23,3,2-5d
T105160,2026-04-23,2026-04-28,BAC,SELL,7954.0,80.76,Citi,EQ-LDN,2026-04-23,2026-04-28,BAC,SELL,7954.0,81.1638,Citi,EQ-LDN,PRICE_TOL,2026-04-23,3,2-5d
T105182,2026-04-20,2026-04-26,GS,SELL,7212.0,187.4,Citi,EQ-NY,2026-04-20,2026-04-26,GS,SELL,7212.0,188.337,Citi,EQ-NY,PRICE_TOL,2026-04-20,6,>5d
T105209,2026-04-19,2026-04-26,MSFT,BUY,1807.0,450.63,Citi,EQ-HK,,,,,,,,,MISSING_CUST,2026-04-19,7,>5d
T105210,2026-04-21,2026-04-28,MSFT,SELL,6815.0,239.77,UBS,EQ-NY,,,,,,,,,MISSING_CUST,2026-04-21,5,2-5d
T105231,,,,,,,,,2026-04-18,2026-04-28,GOOG,SELL,9854.0,109.47,Goldman Sachs,EQ-LDN,MISSING_INT,2026-04-18,8,>5d
T105233,,,,,,,,,2026-04-23,2026-04-27,VOD.L,SELL,5951.0,205.27,JP Morgan,EQ-HK,MISSING_INT,2026-04-23,3,2-5d
T105236,2026-04-24,2026-04-26,VOD.L,SELL,4733.0,103.36,Morgan Stanley,EQ-LDN,2026-04-24,2026-04-26,VOD.L,SELL,5206.0,103.36,Morgan Stanley,EQ-LDN,QTY_DIFF,2026-04-24,2,2-5d
T105249,,,,,,,,,2026-04-24,2026-04-26,HSBA.L,BUY,4952.0,401.67,Citi,EQ-HK,MISSING_INT,2026-04-24,2,2-5d
T105265,2026-04-23,2026-04-26,AAPL,BUY,5438.0,464.64,UBS,EQ-NY,2026-04-23,2026-04-26,AAPL,BUY,5438.0,464.64,UBS,EQ-NY,DUP,2026-04-23,3,2-5d
T105265,2026-04-23,2026-04-26,AAPL,BUY,5438.0,464.64,UBS,EQ-NY,2026-04-23,2026-04-26,AAPL,BUY,5438.0,464.64,UBS,EQ-NY,DUP,2026-04-23,3,2-5d
T105291,2026-04-18,2026-04-27,MSFT,BUY,3750.0,129.04,Barclays,EQ-NY,2026-04-18,2026-04-27,MSFT,BUY,4125.0,129.04,Barclays,EQ-NY,QTY_DIFF,2026-04-18,8,>5d
T105301,2026-04-20,2026-04-27,AAPL,SELL,7652.0,364.5,Goldman Sachs,EQ-NY,2026-04-20,2026-04-27,AAPL,SELL,7652.0,364.5,Goldman Sachs,EQ-NY,DUP,2026-04-20,6,>5d
T105301,2026-04-20,2026-04-27,AAPL,SELL,7652.0,364.5,Goldman Sachs,EQ-NY,2026-04-20,2026-04-27,AAPL,SELL,7652.0,364.5,Goldman Sachs,EQ-NY,DUP,2026-04-20,6,>5d
T105304,,,,,,,,,2026-04-17,2026-04-28,GOOG,BUY,6532.0,134.94,Barclays,EQ-HK,MISSING_INT,2026-04-17,9,>5d
T105310,2026-04-24,2026-04-28,JPM,BUY,8028.0,155.62,Barclays,EQ-HK,,,,,,,,,MISSING_CUST,2026-04-24,2,2-5d
T105320,2026-04-21,2026-04-26,MSFT,BUY,2648.0,166.78,UBS,EQ-LDN,2026-04-21,2026-04-26,MSFT,BUY,2912.0,166.78,UBS,EQ-LDN,QTY_DIFF,2026-04-21,5,2-5d
T105330,2026-04-25,2026-04-27,VOD.L,SELL,8957.0,218.33,JP Morgan,EQ-NY,2026-04-25,2026-04-27,VOD.L,SELL,8957.0,218.33,JP Morgan,EQ-NY,DUP,2026-04-25,1,0-1d
T105330,2026-04-25,2026-04-27,VOD.L,SELL,8957.0,218.33,JP Morgan,EQ-NY,2026-04-25,2026-04-27,VOD.L,SELL,8957.0,218.33,JP Morgan,EQ-NY,DUP,2026-04-25,1,0-1d
T105331,2026-04-26,2026-04-28,HSBA.L,SELL,5575.0,393.51,Barclays,EQ-HK,2026-04-26,2026-04-28,HSBA.L,SELL,6132.0,393.51,Barclays,EQ-HK,QTY_DIFF,2026-04-26,0,0-1d
T105335,2026-04-18,2026-04-26,GOOG,SELL,2900.0,327.61,Barclays,EQ-LDN,,,,,,,,,MISSING_CUST,2026-04-18,8,>5d
T105339,2026-04-23,2026-04-26,BAC,BUY,959.0,348.19,UBS,EQ-LDN,2026-04-23,2026-04-26,BAC,BUY,1054.0,348.19,UBS,EQ-LDN,QTY_DIFF,2026-04-23,3,2-5d
T105343,,,,,,,,,2026-04-25,2026-04-28,VOD.L,SELL,7684.0,337.62,Morgan Stanley,EQ-NY,MISSING_INT,2026-04-25,1,0-1d
T105349,2026-04-23,2026-04-28,JPM,BUY,8442.0,95.36,Morgan Stanley,EQ-NY,2026-04-23,2026-04-28,JPM,BUY,9286.0,95.36,Morgan Stanley,EQ-NY,QTY_DIFF,2026-04-23,3,2-5d
T105371,2026-04-23,2026-04-26,HSBA.L,SELL,9018.0,254.29,Citi,EQ-HK,2026-04-23,2026-04-26,HSBA.L,SELL,9018.0,254.29,Citi,EQ-HK,DUP,2026-04-23,3,2-5d
T105371,2026-04-23,2026-04-26,HSBA.L,SELL,9018.0,254.29,Citi,EQ-HK,2026-04-23,2026-04-26,HSBA.L,SELL,9018.0,254.29,Citi,EQ-HK,DUP,2026-04-23,3,2-5d
T105392,2026-04-22,2026-04-28,JPM,SELL,5138.0,490.91,JP Morgan,EQ-NY,2026-04-22,2026-04-28,JPM,SELL,5138.0,493.3645,JP Morgan,EQ-NY,PRICE_TOL,2026-04-22,4,2-5d
T105407,2026-04-23,2026-04-27,JPM,SELL,2868.0,214.94,JP Morgan,EQ-NY,2026-04-23,2026-04-27,JPM,SELL,2868.0,216.0147,JP Morgan,EQ-NY,PRICE_TOL,2026-04-23,3,2-5d
T105409,2026-04-22,2026-04-27,JPM,BUY,1908.0,77.26,Morgan Stanley,EQ-NY,2026-04-22,2026-04-27,JPM,BUY,1908.0,77.6463,Morgan Stanley,EQ-NY,PRICE_TOL,2026-04-22,4,2-5d
T105422,2026-04-23,2026-04-26,GS,SELL,3066.0,442.73,Morgan Stanley,EQ-LDN,2026-04-23,2026-04-26,GS,SELL,3066.0,442.73,Morgan Stanley,EQ-LDN,DUP,2026-04-23,3,2-5d
T105422,2026-04-23,2026-04-26,GS,SELL,3066.0,442.73,Morgan Stanley,EQ-LDN,2026-04-23,2026-04-26,GS,SELL,3066.0,442.73,Morgan Stanley,EQ-LDN,DUP,2026-04-23,3,2-5d
T105423,2026-04-26,2026-04-28,JPM,SELL,3460.0,457.3,Goldman Sachs,EQ-NY,,,,,,,,,MISSING_CUST,2026-04-26,0,0-1d
T105438,2026-04-26,2026-04-27,TSLA,BUY,2555.0,142.93,Goldman Sachs,EQ-HK,,,,,,,,,MISSING_CUST,2026-04-26,0,0-1d
T105466,2026-04-22,2026-04-26,TSLA,BUY,8022.0,221.04,Barclays,EQ-LDN,2026-04-22,2026-04-26,TSLA,BUY,8022.0,222.1452,Barclays,EQ-LDN,PRICE_TOL,2026-04-22,4,2-5d
T105518,2026-04-22,2026-04-28,AMZN,SELL,6215.0,327.07,Morgan Stanley,EQ-HK,2026-04-22,2026-04-28,AMZN,SELL,6215.0,328.7053,Morgan Stanley,EQ-HK,PRICE_TOL,2026-04-22,4,2-5d
T105551,2026-04-23,2026-04-27,TSLA,SELL,9717.0,492.57,JP Morgan,EQ-LDN,2026-04-23,2026-04-27,TSLA,SELL,9717.0,492.57,JP Morgan,EQ-LDN,DUP,2026-04-23,3,2-5d
T105551,2026-04-23,2026-04-27,TSLA,SELL,9717.0,492.57,JP Morgan,EQ-LDN,2026-04-23,2026-04-27,TSLA,SELL,9717.0,492.57,JP Morgan,EQ-LDN,DUP,2026-04-23,3,2-5d
T105612,,,,,,,,,2026-04-18,2026-04-26,GS,SELL,8863.0,396.99,UBS,EQ-NY,MISSING_INT,2026-04-18,8,>5d
T105621,2026-04-19,2026-04-26,JPM,BUY,406.0,149.03,Barclays,EQ-LDN,,,,,,,,,MISSING_CUST,2026-04-19,7,>5d
T105640,2026-04-25,2026-04-28,JPM,SELL,7625.0,248.68,JP Morgan,EQ-LDN,2026-04-25,2026-04-28,JPM,SELL,8387.0,248.68,JP Morgan,EQ-LDN,QTY_DIFF,2026-04-25,1,0-1d
T105655,2026-04-25,2026-04-27,GOOG,BUY,9321.0,462.18,Citi,EQ-LDN,2026-04-25,2026-04-27,GOOG,BUY,10253.0,462.18,Citi,EQ-LDN,QTY_DIFF,2026-04-25,1,0-1d
T105657,2026-04-18,2026-04-28,BAC,BUY,9910.0,284.87,Morgan Stanley,EQ-LDN,2026-04-18,2026-04-28,BAC,BUY,9910.0,286.2943,Morgan Stanley,EQ-LDN,PRICE_TOL,2026-04-18,8,>5d
T105733,,,,,,,,,2026-04-17,2026-04-27,BAC,BUY,5265.0,190.39,Citi,EQ-LDN,MISSING_INT,2026-04-17,9,>5d
T105734,2026-04-24,2026-04-27,GOOG,BUY,8525.0,50.24,UBS,EQ-LDN,,,,,,,,,MISSING_CUST,2026-04-24,2,2-5d
T105737,2026-04-23,2026-04-27,AAPL,BUY,8794.0,464.59,Citi,EQ-HK,2026-04-23,2026-04-27,AAPL,BUY,9673.0,464.59,Citi,EQ-HK,QTY_DIFF,2026-04-23,3,2-5d
T105743,2026-04-18,2026-04-26,GOOG,BUY,455.0,362.92,UBS,EQ-HK,,,,,,,,,MISSING_CUST,2026-04-18,8,>5d
T105745,,,,,,,,,2026-04-18,2026-04-27,AMZN,SELL,5256.0,61.46,JP Morgan,EQ-HK,MISSING_INT,2026-04-18,8,>5d
T105757,2026-04-21,2026-04-28,VOD.L,BUY,8921.0,137.2,Citi,EQ-HK,2026-04-21,2026-04-28,VOD.L,BUY,8921.0,137.886,Citi,EQ-HK,PRICE_TOL,2026-04-21,5,2-5d
T105789,2026-04-19,2026-04-28,GS,SELL,6800.0,188.25,JP Morgan,EQ-HK,2026-04-19,2026-04-28,GS,SELL,6800.0,189.1912,JP Morgan,EQ-HK,PRICE_TOL,2026-04-19,7,>5d
T105838,2026-04-19,2026-04-28,BAC,BUY,472.0,216.38,Morgan Stanley,EQ-HK,2026-04-19,2026-04-28,BAC,BUY,472.0,217.4619,Morgan Stanley,EQ-HK,PRICE_TOL,2026-04-19,7,>5d
T105851,,,,,,,,,2026-04-21,2026-04-27,BAC,SELL,3625.0,492.1,Barclays,EQ-LDN,MISSING_INT,2026-04-21,5,2-5d
T105859,2026-04-26,2026-04-27,TSLA,SELL,5909.0,377.97,Goldman Sachs,EQ-NY,2026-04-26,2026-04-27,TSLA,SELL,5909.0,377.97,Goldman Sachs,EQ-NY,DUP,2026-04-26,0,0-1d
T105859,2026-04-26,2026-04-27,TSLA,SELL,5909.0,377.97,Goldman Sachs,EQ-NY,2026-04-26,2026-04-27,TSLA,SELL,5909.0,377.97,Goldman Sachs,EQ-NY,DUP,2026-04-26,0,0-1d
T105880,2026-04-21,2026-04-26,BAC,SELL,662.0,198.41,JP Morgan,EQ-NY,,,,,,,,,MISSING_CUST,2026-04-21,5,2-5d
T105888,,,,,,,,,2026-04-18,2026-04-27,GS,SELL,444.0,313.48,Goldman Sachs,EQ-LDN,MISSING_INT,2026-04-18,8,>5d
T105895,,,,,,,,,2026-04-25,2026-04-26,TSLA,SELL,7332.0,409.62,Morgan Stanley,EQ-HK,MISSING_INT,2026-04-25,1,0-1d
T105933,2026-04-17,2026-04-27,GOOG,SELL,7024.0,446.95,Morgan Stanley,EQ-NY,2026-04-17,2026-04-27,GOOG,SELL,7726.0,446.95,Morgan Stanley,EQ-NY,QTY_DIFF,2026-04-17,9,>5d
T105960,2026-04-18,2026-04-28,VOD.L,BUY,757.0,297.27,Goldman Sachs,EQ-NY,2026-04-18,2026-04-28,VOD.L,BUY,757.0,298.7563,Goldman Sachs,EQ-NY,PRICE_TOL,2026-04-18,8,>5d
T106003,2026-04-24,2026-04-28,BAC,SELL,2301.0,278.68,UBS,EQ-NY,2026-04-24,2026-04-28,BAC,SELL,2531.0,278.68,UBS,EQ-NY,QTY_DIFF,2026-04-24,2,2-5d
T106078,2026-04-25,2026-04-28,GOOG,BUY,9538.0,369.15,Citi,EQ-HK,2026-04-25,2026-04-28,GOOG,BUY,9538.0,369.15,Citi,EQ-HK,DUP,2026-04-25,1,0-1d
T106078,2026-04-25,2026-04-28,GOOG,BUY,9538.0,369.15,Citi,EQ-HK,2026-04-25,2026-04-28,GOOG,BUY,9538.0,369.15,Citi,EQ-HK,DUP,2026-04-25,1,0-1d
T106108,2026-04-21,2026-04-27,HSBA.L,SELL,4638.0,369.67,Morgan Stanley,EQ-NY,,,,,,,,,MISSING_CUST,2026-04-21,5,2-5d
T106126,2026-04-18,2026-04-27,TSLA,SELL,640.0,499.41,UBS,EQ-HK,2026-04-18,2026-04-27,TSLA,SELL,640.0,501.907,UBS,EQ-HK,PRICE_TOL,2026-04-18,8,>5d
T106149,2026-04-18,2026-04-26,JPM,SELL,3332.0,331.68,Barclays,EQ-NY,,,,,,,,,MISSING_CUST,2026-04-18,8,>5d
T106164,2026-04-17,2026-04-28,BAC,BUY,5981.0,467.86,UBS,EQ-NY,2026-04-17,2026-04-28,BAC,BUY,5981.0,467.86,UBS,EQ-NY,DUP,2026-04-17,9,>5d
T106164,2026-04-17,2026-04-28,BAC,BUY,5981.0,467.86,UBS,EQ-NY,2026-04-17,2026-04-28,BAC,BUY,5981.0,467.86,UBS,EQ-NY,DUP,2026-04-17,9,>5d
T106194,2026-04-18,2026-04-28,GS,BUY,1489.0,379.03,JP Morgan,EQ-LDN,,,,,,,,,MISSING_CUST,2026-04-18,8,>5d
T106217,2026-04-17,2026-04-27,BAC,BUY,3871.0,324.0,Citi,EQ-NY,2026-04-17,2026-04-27,BAC,BUY,3871.0,324.0,Citi,EQ-NY,DUP,2026-04-17,9,>5d
T106217,2026-04-17,2026-04-27,BAC,BUY,3871.0,324.0,Citi,EQ-NY,2026-04-17,2026-04-27,BAC,BUY,3871.0,324.0,Citi,EQ-NY,DUP,2026-04-17,9,>5d
T106227,,,,,,,,,2026-04-18,2026-04-28,GS,BUY,9801.0,457.56,UBS,EQ-NY,MISSING_INT,2026-04-18,8,>5d
T106243,,,,,,,,,2026-04-21,2026-04-26,JPM,BUY,9416.0,390.47,Morgan Stanley,EQ-LDN,MISSING_INT,2026-04-21,5,2-5d
T106253,2026-04-23,2026-04-27,AMZN,BUY,2267.0,244.59,JP Morgan,EQ-NY,2026-04-23,2026-04-27,AMZN,BUY,2267.0,245.8129,JP Morgan,EQ-NY,PRICE_TOL,2026-04-23,3,2-5d
T106261,2026-04-20,2026-04-28,MSFT,BUY,8368.0,111.36,UBS,EQ-NY,2026-04-20,2026-04-28,MSFT,BUY,8368.0,111.9168,UBS,EQ-NY,PRICE_TOL,2026-04-20,6,>5d
T106276,2026-04-19,2026-04-26,MSFT,BUY,5516.0,497.32,Goldman Sachs,EQ-NY,2026-04-19,2026-04-26,MSFT,BUY,5516.0,497.32,Goldman Sachs,EQ-NY,DUP,2026-04-19,7,>5d
T106276,2026-04-19,2026-04-26,MSFT,BUY,5516.0,497.32,Goldman Sachs,EQ-NY,2026-04-19,2026-04-26,MSFT,BUY,5516.0,497.32,Goldman Sachs,EQ-NY,DUP,2026-04-19,7,>5d
T106282,2026-04-20,2026-04-26,AAPL,BUY,2778.0,260.8,UBS,EQ-LDN,2026-04-20,2026-04-26,AAPL,BUY,2778.0,260.8,UBS,EQ-LDN,DUP,2026-04-20,6,>5d
T106282,2026-04-20,2026-04-26,AAPL,BUY,2778.0,260.8,UBS,EQ-LDN,2026-04-20,2026-04-26,AAPL,BUY,2778.0,260.8,UBS,EQ-LDN,DUP,2026-04-20,6,>5d
T106286,,,,,,,,,2026-04-17,2026-04-27,JPM,SELL,4702.0,87.88,Goldman Sachs,EQ-LDN,MISSING_INT,2026-04-17,9,>5d
T106295,2026-04-25,2026-04-26,VOD.L,BUY,2342.0,336.07,Citi,EQ-LDN,2026-04-25,2026-04-26,VOD.L,BUY,2342.0,336.07,Citi,EQ-LDN,DUP,2026-04-25,1,0-1d
T106295,2026-04-25,2026-04-26,VOD.L,BUY,2342.0,336.07,Citi,EQ-LDN,2026-04-25,2026-04-26,VOD.L,BUY,2342.0,336.07,Citi,EQ-LDN,DUP,2026-04-25,1,0-1d
T106309,2026-04-19,2026-04-28,VOD.L,SELL,1132.0,174.34,Goldman Sachs,EQ-NY,2026-04-19,2026-04-28,VOD.L,SELL,1132.0,174.34,Goldman Sachs,EQ-NY,DUP,2026-04-19,7,>5d
T106309,2026-04-19,2026-04-28,VOD.L,SELL,1132.0,174.34,Goldman Sachs,EQ-NY,2026-04-19,2026-04-28,VOD.L,SELL,1132.0,174.34,Goldman Sachs,EQ-NY,DUP,2026-04-19,7,>5d
T106321,,,,,,,,,2026-04-19,2026-04-26,BAC,BUY,1284.0,311.13,Goldman Sachs,EQ-LDN,MISSING_INT,2026-04-19,7,>5d
T106332,2026-04-19,2026-04-28,GOOG,BUY,7640.0,232.31,Goldman Sachs,EQ-HK,2026-04-19,2026-04-28,GOOG,BUY,7640.0,232.31,Goldman Sachs,EQ-HK,DUP,2026-04-19,7,>5d
T106332,2026-04-19,2026-04-28,GOOG,BUY,7640.0,232.31,Goldman Sachs,EQ-HK,2026-04-19,2026-04-28,GOOG,BUY,7640.0,232.31,Goldman Sachs,EQ-HK,DUP,2026-04-19,7,>5d
T106349,2026-04-21,2026-04-26,BAC,BUY,1157.0,453.89,Morgan Stanley,EQ-NY,2026-04-21,2026-04-26,BAC,BUY,1157.0,456.1594,Morgan Stanley,EQ-NY,PRICE_TOL,2026-04-21,5,2-5d
T106363,,,,,,,,,2026-04-25,2026-04-26,AAPL,SELL,8898.0,180.3,JP Morgan,EQ-NY,MISSING_INT,2026-04-25,1,0-1d
T106417,2026-04-20,2026-04-26,TSLA,BUY,6931.0,380.58,Barclays,EQ-HK,2026-04-20,2026-04-26,TSLA,BUY,7624.0,380.58,Barclays,EQ-HK,QTY_DIFF,2026-04-20,6,>5d
T106422,2026-04-22,2026-04-28,AMZN,SELL,2120.0,428.22,JP Morgan,EQ-HK,,,,,,,,,MISSING_CUST,2026-04-22,4,2-5d
T106427,2026-04-22,2026-04-27,VOD.L,SELL,7152.0,378.24,Barclays,EQ-NY,2026-04-22,2026-04-27,VOD.L,SELL,7152.0,380.1312,Barclays,EQ-NY,PRICE_TOL,2026-04-22,4,2-5d
T106454,2026-04-22,2026-04-28,GS,SELL,1816.0,243.5,Goldman Sachs,EQ-HK,2026-04-22,2026-04-28,GS,SELL,1816.0,243.5,Goldman Sachs,EQ-HK,DUP,2026-04-22,4,2-5d
T106454,2026-04-22,2026-04-28,GS,SELL,1816.0,243.5,Goldman Sachs,EQ-HK,2026-04-22,2026-04-28,GS,SELL,1816.0,243.5,Goldman Sachs,EQ-HK,DUP,2026-04-22,4,2-5d
T106466,,,,,,,,,2026-04-17,2026-04-27,VOD.L,SELL,5325.0,187.28,JP Morgan,EQ-LDN,MISSING_INT,2026-04-17,9,>5d
T106501,2026-04-19,2026-04-28,TSLA,SELL,2092.0,160.36,JP Morgan,EQ-LDN,2026-04-19,2026-04-28,TSLA,SELL,2092.0,161.1618,JP Morgan,EQ-LDN,PRICE_TOL,2026-04-19,7,>5d
T106515,2026-04-23,2026-04-26,GOOG,BUY,574.0,276.58,Goldman Sachs,EQ-LDN,,,,,,,,,MISSING_CUST,2026-04-23,3,2-5d
T106580,2026-04-25,2026-04-27,GOOG,SELL,7111.0,222.32,JP Morgan,EQ-HK,2026-04-25,2026-04-27,GOOG,SELL,7111.0,222.32,JP Morgan,EQ-HK,DUP,2026-04-25,1,0-1d
T106580,2026-04-25,2026-04-27,GOOG,SELL,7111.0,222.32,JP Morgan,EQ-HK,2026-04-25,2026-04-27,GOOG,SELL,7111.0,222.32,JP Morgan,EQ-HK,DUP,2026-04-25,1,0-1d
T106591,2026-04-21,2026-04-26,HSBA.L,BUY,1077.0,386.88,Morgan Stanley,EQ-NY,2026-04-21,2026-04-26,HSBA.L,BUY,1077.0,386.88,Morgan Stanley,EQ-NY,DUP,2026-04-21,5,2-5d
T106591,2026-04-21,2026-04-26,HSBA.L,BUY,1077.0,386.88,Morgan Stanley,EQ-NY,2026-04-21,2026-04-26,HSBA.L,BUY,1077.0,386.88,Morgan Stanley,EQ-NY,DUP,2026-04-21,5,2-5d
T106604,2026-04-23,2026-04-28,GOOG,SELL,6005.0,155.98,Citi,EQ-LDN,2026-04-23,2026-04-28,GOOG,SELL,6005.0,155.98,Citi,EQ-LDN,DUP,2026-04-23,3,2-5d
T106604,2026-04-23,2026-04-28,GOOG,SELL,6005.0,155.98,Citi,EQ-LDN,2026-04-23,2026-04-28,GOOG,SELL,6005.0,155.98,Citi,EQ-LDN,DUP,2026-04-23,3,2-5d
T106606,2026-04-24,2026-04-27,BAC,BUY,9985.0,172.73,UBS,EQ-HK,2026-04-24,2026-04-27,BAC,BUY,9985.0,173.5936,UBS,EQ-HK,PRICE_TOL,2026-04-24,2,2-5d
T106621,2026-04-17,2026-04-26,HSBA.L,BUY,9117.0,480.11,Goldman Sachs,EQ-NY,,,,,,,,,MISSING_CUST,2026-04-17,9,>5d
T106652,2026-04-18,2026-04-27,VOD.L,SELL,5845.0,233.72,UBS,EQ-NY,2026-04-18,2026-04-27,VOD.L,SELL,5845.0,233.72,UBS,EQ-NY,DUP,2026-04-18,8,>5d
T106652,2026-04-18,2026-04-27,VOD.L,SELL,5845.0,233.72,UBS,EQ-NY,2026-04-18,2026-04-27,VOD.L,SELL,5845.0,233.72,UBS,EQ-NY,DUP,2026-04-18,8,>5d
T106663,2026-04-18,2026-04-26,BAC,SELL,7710.0,294.89,Morgan Stanley,EQ-NY,2026-04-18,2026-04-26,BAC,SELL,7710.0,296.3644,Morgan Stanley,EQ-NY,PRICE_TOL,2026-04-18,8,>5d
T106758,,,,,,,,,2026-04-25,2026-04-27,AAPL,BUY,9743.0,407.19,UBS,EQ-NY,MISSING_INT,2026-04-25,1,0-1d
T106818,2026-04-25,2026-04-26,GS,BUY,6776.0,493.59,JP Morgan,EQ-HK,2026-04-25,2026-04-26,GS,BUY,6776.0,493.59,JP Morgan,EQ-HK,DUP,2026-04-25,1,0-1d
T106818,2026-04-25,2026-04-26,GS,BUY,6776.0,493.59,JP Morgan,EQ-HK,2026-04-25,2026-04-26,GS,BUY,6776.0,493.59,JP Morgan,EQ-HK,DUP,2026-04-25,1,0-1d
T106819,2026-04-22,2026-04-26,TSLA,SELL,843.0,344.24,Barclays,EQ-HK,2026-04-22,2026-04-26,TSLA,SELL,927.0,344.24,Barclays,EQ-HK,QTY_DIFF,2026-04-22,4,2-5d
T106839,2026-04-24,2026-04-28,HSBA.L,BUY,7056.0,287.87,JP Morgan,EQ-LDN,2026-04-24,2026-04-28,HSBA.L,BUY,7056.0,287.87,JP Morgan,EQ-LDN,DUP,2026-04-24,2,2-5d
T106839,2026-04-24,2026-04-28,HSBA.L,BUY,7056.0,287.87,JP Morgan,EQ-LDN,2026-04-24,2026-04-28,HSBA.L,BUY,7056.0,287.87,JP Morgan,EQ-LDN,DUP,2026-04-24,2,2-5d
T106841,2026-04-17,2026-04-27,HSBA.L,SELL,7811.0,181.62,Goldman Sachs,EQ-NY,2026-04-17,2026-04-27,HSBA.L,SELL,7811.0,181.62,Goldman Sachs,EQ-NY,DUP,2026-04-17,9,>5d
T106841,2026-04-17,2026-04-27,HSBA.L,SELL,7811.0,181.62,Goldman Sachs,EQ-NY,2026-04-17,2026-04-27,HSBA.L,SELL,7811.0,181.62,Goldman Sachs,EQ-NY,DUP,2026-04-17,9,>5d
T106875,2026-04-21,2026-04-28,JPM,BUY,8275.0,164.35,JP Morgan,EQ-LDN,2026-04-21,2026-04-28,JPM,BUY,8275.0,165.1717,JP Morgan,EQ-LDN,PRICE_TOL,2026-04-21,5,2-5d
T106904,2026-04-23,2026-04-27,MSFT,SELL,3201.0,292.9,Citi,EQ-LDN,2026-04-23,2026-04-27,MSFT,SELL,3201.0,294.3645,Citi,EQ-LDN,PRICE_TOL,2026-04-23,3,2-5d
T106918,2026-04-20,2026-04-26,BAC,BUY,1725.0,326.91,Goldman Sachs,EQ-HK,,,,,,,,,MISSING_CUST,2026-04-20,6,>5d
T106932,2026-04-23,2026-04-27,AAPL,BUY,5711.0,77.1,JP Morgan,EQ-HK,2026-04-23,2026-04-27,AAPL,BUY,6282.0,77.1,JP Morgan,EQ-HK,QTY_DIFF,2026-04-23,3,2-5d
T106958,2026-04-20,2026-04-27,GOOG,BUY,8846.0,200.19,UBS,EQ-HK,2026-04-20,2026-04-27,GOOG,BUY,9730.0,200.19,UBS,EQ-HK,QTY_DIFF,2026-04-20,6,>5d
T106969,2026-04-25,2026-04-26,TSLA,BUY,8356.0,253.62,Goldman Sachs,EQ-LDN,2026-04-25,2026-04-26,TSLA,BUY,9191.0,253.62,Goldman Sachs,EQ-LDN,QTY_DIFF,2026-04-25,1,0-1d
T106990,2026-04-23,2026-04-27,AMZN,SELL,7139.0,60.91,JP Morgan,EQ-HK,2026-04-23,2026-04-27,AMZN,SELL,7852.0,60.91,JP Morgan,EQ-HK,QTY_DIFF,2026-04-23,3,2-5d
T106993,2026-04-24,2026-04-28,VOD.L,SELL,7386.0,307.05,Citi,EQ-HK,2026-04-24,2026-04-28,VOD.L,SELL,8124.0,307.05,Citi,EQ-HK,QTY_DIFF,2026-04-24,2,2-5d
T107042,2026-04-19,2026-04-28,BAC,SELL,9613.0,369.75,Barclays,EQ-HK,2026-04-19,2026-04-28,BAC,SELL,9613.0,369.75,Barclays,EQ-HK,DUP,2026-04-19,7,>5d
T107042,2026-04-19,2026-04-28,BAC,SELL,9613.0,369.75,Barclays,EQ-HK,2026-04-19,2026-04-28,BAC,SELL,9613.0,369.75,Barclays,EQ-HK,DUP,2026-04-19,7,>5d
T107061,2026-04-17,2026-04-28,AAPL,BUY,9988.0,268.36,UBS,EQ-NY,2026-04-17,2026-04-28,AAPL,BUY,9988.0,268.36,UBS,EQ-NY,DUP,2026-04-17,9,>5d
T107061,2026-04-17,2026-04-28,AAPL,BUY,9988.0,268.36,UBS,EQ-NY,2026-04-17,2026-04-28,AAPL,BUY,9988.0,268.36,UBS,EQ-NY,DUP,2026-04-17,9,>5d
T107106,2026-04-21,2026-04-28,TSLA,BUY,9300.0,431.24,JP Morgan,EQ-LDN,2026-04-21,2026-04-28,TSLA,BUY,9300.0,433.3962,JP Morgan,EQ-LDN,PRICE_TOL,2026-04-21,5,2-5d
T107188,,,,,,,,,2026-04-19,2026-04-26,GOOG,SELL,815.0,133.4,Barclays,EQ-HK,MISSING_INT,2026-04-19,7,>5d
T107204,2026-04-22,2026-04-27,AAPL,SELL,256.0,272.35,UBS,EQ-HK,,,,,,,,,MISSING_CUST,2026-04-22,4,2-5d
T107206,2026-04-20,2026-04-26,MSFT,BUY,5103.0,332.44,UBS,EQ-LDN,2026-04-20,2026-04-26,MSFT,BUY,5103.0,332.44,UBS,EQ-LDN,DUP,2026-04-20,6,>5d
T107206,2026-04-20,2026-04-26,MSFT,BUY,5103.0,332.44,UBS,EQ-LDN,2026-04-20,2026-04-26,MSFT,BUY,5103.0,332.44,UBS,EQ-LDN,DUP,2026-04-20,6,>5d
T107209,2026-04-17,2026-04-27,AMZN,SELL,6353.0,63.67,Citi,EQ-HK,2026-04-17,2026-04-27,AMZN,SELL,6353.0,63.67,Citi,EQ-HK,DUP,2026-04-17,9,>5d
T107209,2026-04-17,2026-04-27,AMZN,SELL,6353.0,63.67,Citi,EQ-HK,2026-04-17,2026-04-27,AMZN,SELL,6353.0,63.67,Citi,EQ-HK,DUP,2026-04-17,9,>5d
T107211,2026-04-26,2026-04-27,GS,BUY,1765.0,91.05,Goldman Sachs,EQ-HK,2026-04-26,2026-04-27,GS,BUY,1941.0,91.05,Goldman Sachs,EQ-HK,QTY_DIFF,2026-04-26,0,0-1d
T107239,2026-04-17,2026-04-28,MSFT,BUY,5024.0,145.66,UBS,EQ-HK,2026-04-17,2026-04-28,MSFT,BUY,5024.0,146.3883,UBS,EQ-HK,PRICE_TOL,2026-04-17,9,>5d
T107262,2026-04-24,2026-04-28,AMZN,SELL,4906.0,395.33,Citi,EQ-HK,2026-04-24,2026-04-28,AMZN,SELL,4906.0,395.33,Citi,EQ-HK,DUP,2026-04-24,2,2-5d
T107262,2026-04-24,2026-04-28,AMZN,SELL,4906.0,395.33,Citi,EQ-HK,2026-04-24,2026-04-28,AMZN,SELL,4906.0,395.33,Citi,EQ-HK,DUP,2026-04-24,2,2-5d
T107277,,,,,,,,,2026-04-26,2026-04-28,GS,SELL,2820.0,190.19,JP Morgan,EQ-HK,MISSING_INT,2026-04-26,0,0-1d
T107281,2026-04-25,2026-04-28,GOOG,SELL,8508.0,208.64,Citi,EQ-HK,2026-04-25,2026-04-28,GOOG,SELL,9358.0,208.64,Citi,EQ-HK,QTY_DIFF,2026-04-25,1,0-1d
T107296,,,,,,,,,2026-04-24,2026-04-26,VOD.L,BUY,8527.0,58.92,Morgan Stanley,EQ-LDN,MISSING_INT,2026-04-24,2,2-5d
T107319,,,,,,,,,2026-04-21,2026-04-26,VOD.L,BUY,9301.0,116.01,UBS,EQ-HK,MISSING_INT,2026-04-21,5,2-5d
T107327,2026-04-22,2026-04-27,AMZN,BUY,1410.0,122.98,Barclays,EQ-LDN,2026-04-22,2026-04-27,AMZN,BUY,1410.0,123.5949,Barclays,EQ-LDN,PRICE_TOL,2026-04-22,4,2-5d
T107330,2026-04-26,2026-04-27,GS,SELL,9948.0,460.87,Goldman Sachs,EQ-NY,2026-04-26,2026-04-27,GS,SELL,10942.0,460.87,Goldman Sachs,EQ-NY,QTY_DIFF,2026-04-26,0,0-1d
T107333,2026-04-23,2026-04-26,GS,BUY,1494.0,75.72,JP Morgan,EQ-NY,2026-04-23,2026-04-26,GS,BUY,1494.0,75.72,JP Morgan,EQ-NY,DUP,2026-04-23,3,2-5d
T107333,2026-04-23,2026-04-26,GS,BUY,1494.0,75.72,JP Morgan,EQ-NY,2026-04-23,2026-04-26,GS,BUY,1494.0,75.72,JP Morgan,EQ-NY,DUP,2026-04-23,3,2-5d
T107345,2026-04-25,2026-04-28,GS,SELL,6992.0,122.49,Morgan Stanley,EQ-LDN,2026-04-25,2026-04-28,GS,SELL,7691.0,122.49,Morgan Stanley,EQ-LDN,QTY_DIFF,2026-04-25,1,0-1d
T107463,2026-04-21,2026-04-27,TSLA,SELL,2255.0,111.22,JP Morgan,EQ-LDN,2026-04-21,2026-04-27,TSLA,SELL,2480.0,111.22,JP Morgan,EQ-LDN,QTY_DIFF,2026-04-21,5,2-5d
T107468,2026-04-21,2026-04-26,VOD.L,BUY,4451.0,80.43,Barclays,EQ-LDN,,,,,,,,,MISSING_CUST,2026-04-21,5,2-5d
T107495,2026-04-18,2026-04-27,GOOG,BUY,3187.0,312.81,Citi,EQ-HK,2026-04-18,2026-04-27,GOOG,BUY,3187.0,312.81,Citi,EQ-HK,DUP,2026-04-18,8,>5d
T107495,2026-04-18,2026-04-27,GOOG,BUY,3187.0,312.81,Citi,EQ-HK,2026-04-18,2026-04-27,GOOG,BUY,3187.0,312.81,Citi,EQ-HK,DUP,2026-04-18,8,>5d
T107525,2026-04-18,2026-04-26,GOOG,BUY,1084.0,421.86,Citi,EQ-HK,,,,,,,,,MISSING_CUST,2026-04-18,8,>5d
T107528,2026-04-18,2026-04-28,GOOG,SELL,3025.0,246.07,UBS,EQ-HK,,,,,,,,,MISSING_CUST,2026-04-18,8,>5d
T107547,2026-04-18,2026-04-26,BAC,SELL,5917.0,490.01,Morgan Stanley,EQ-LDN,2026-04-18,2026-04-26,BAC,SELL,6508.0,490.01,Morgan Stanley,EQ-LDN,QTY_DIFF,2026-04-18,8,>5d
T107565,2026-04-24,2026-04-28,JPM,BUY,6262.0,449.22,JP Morgan,EQ-HK,2026-04-24,2026-04-28,JPM,BUY,6262.0,449.22,JP Morgan,EQ-HK,DUP,2026-04-24,2,2-5d
T107565,2026-04-24,2026-04-28,JPM,BUY,6262.0,449.22,JP Morgan,EQ-HK,2026-04-24,2026-04-28,JPM,BUY,6262.0,449.22,JP Morgan,EQ-HK,DUP,2026-04-24,2,2-5d
T107592,2026-04-21,2026-04-27,HSBA.L,SELL,4204.0,119.75,Morgan Stanley,EQ-HK,2026-04-21,2026-04-27,HSBA.L,SELL,4204.0,119.75,Morgan Stanley,EQ-HK,DUP,2026-04-21,5,2-5d
T107592,2026-04-21,2026-04-27,HSBA.L,SELL,4204.0,119.75,Morgan Stanley,EQ-HK,2026-04-21,2026-04-27,HSBA.L,SELL,4204.0,119.75,Morgan Stanley,EQ-HK,DUP,2026-04-21,5,2-5d
T107600,2026-04-23,2026-04-28,AMZN,SELL,6295.0,405.82,JP Morgan,EQ-LDN,2026-04-23,2026-04-28,AMZN,SELL,6295.0,405.82,JP Morgan,EQ-LDN,DUP,2026-04-23,3,2-5d
T107600,2026-04-23,2026-04-28,AMZN,SELL,6295.0,405.82,JP Morgan,EQ-LDN,2026-04-23,2026-04-28,AMZN,SELL,6295.0,405.82,JP Morgan,EQ-LDN,DUP,2026-04-23,3,2-5d
T107605,,,,,,,,,2026-04-17,2026-04-26,AAPL,BUY,3298.0,98.83,UBS,EQ-HK,MISSING_INT,2026-04-17,9,>5d
T107619,,,,,,,,,2026-04-24,2026-04-27,AMZN,SELL,1931.0,101.92,Morgan Stanley,EQ-LDN,MISSING_INT,2026-04-24,2,2-5d
T107620,,,,,,,,,2026-04-22,2026-04-28,GS,SELL,145.0,94.55,Goldman Sachs,EQ-HK,MISSING_INT,2026-04-22,4,2-5d
T107621,,,,,,,,,2026-04-20,2026-04-27,AAPL,BUY,8274.0,193.13,Citi,EQ-HK,MISSING_INT,2026-04-20,6,>5d
T107631,2026-04-21,2026-04-27,AAPL,BUY,2890.0,487.48,JP Morgan,EQ-HK,2026-04-21,2026-04-27,AAPL,BUY,2890.0,487.48,JP Morgan,EQ-HK,DUP,2026-04-21,5,2-5d
T107631,2026-04-21,2026-04-27,AAPL,BUY,2890.0,487.48,JP Morgan,EQ-HK,2026-04-21,2026-04-27,AAPL,BUY,2890.0,487.48,JP Morgan,EQ-HK,DUP,2026-04-21,5,2-5d
T107699,2026-04-19,2026-04-27,AAPL,BUY,333.0,424.3,JP Morgan,EQ-LDN,2026-04-19,2026-04-27,AAPL,BUY,333.0,426.4215,JP Morgan,EQ-LDN,PRICE_TOL,2026-04-19,7,>5d
T107740,2026-04-20,2026-04-27,GOOG,SELL,9166.0,100.36,Citi,EQ-HK,2026-04-20,2026-04-27,GOOG,SELL,10082.0,100.36,Citi,EQ-HK,QTY_DIFF,2026-04-20,6,>5d
T107773,,,,,,,,,2026-04-25,2026-04-26,TSLA,BUY,4349.0,55.05,Citi,EQ-NY,MISSING_INT,2026-04-25,1,0-1d
T107802,2026-04-21,2026-04-28,GOOG,SELL,2140.0,376.94,UBS,EQ-HK,2026-04-21,2026-04-28,GOOG,SELL,2140.0,378.8247,UBS,EQ-HK,PRICE_TOL,2026-04-21,5,2-5d
T107817,2026-04-22,2026-04-28,TSLA,SELL,5529.0,468.75,Goldman Sachs,EQ-NY,2026-04-22,2026-04-28,TSLA,SELL,5529.0,471.0937,Goldman Sachs,EQ-NY,PRICE_TOL,2026-04-22,4,2-5d
T107832,2026-04-25,2026-04-27,BAC,SELL,2326.0,231.63,Citi,EQ-NY,2026-04-25,2026-04-27,BAC,SELL,2326.0,231.63,Citi,EQ-NY,DUP,2026-04-25,1,0-1d
T107832,2026-04-25,2026-04-27,BAC,SELL,2326.0,231.63,Citi,EQ-NY,2026-04-25,2026-04-27,BAC,SELL,2326.0,231.63,Citi,EQ-NY,DUP,2026-04-25,1,0-1d
T107909,2026-04-18,2026-04-28,GS,BUY,258.0,392.32,UBS,EQ-HK,2026-04-18,2026-04-28,GS,BUY,258.0,392.32,UBS,EQ-HK,DUP,2026-04-18,8,>5d
T107909,2026-04-18,2026-04-28,GS,BUY,258.0,392.32,UBS,EQ-HK,2026-04-18,2026-04-28,GS,BUY,258.0,392.32,UBS,EQ-HK,DUP,2026-04-18,8,>5d
T107934,,,,,,,,,2026-04-25,2026-04-26,JPM,SELL,8326.0,451.09,Barclays,EQ-LDN,MISSING_INT,2026-04-25,1,0-1d
T107940,2026-04-26,2026-04-28,JPM,SELL,408.0,283.1,UBS,EQ-HK,,,,,,,,,MISSING_CUST,2026-04-26,0,0-1d
T107962,2026-04-26,2026-04-27,HSBA.L,SELL,3353.0,273.29,Morgan Stanley,EQ-NY,2026-04-26,2026-04-27,HSBA.L,SELL,3353.0,274.6564,Morgan Stanley,EQ-NY,PRICE_TOL,2026-04-26,0,0-1d
T107977,2026-04-19,2026-04-26,VOD.L,BUY,1593.0,301.86,UBS,EQ-LDN,2026-04-19,2026-04-26,VOD.L,BUY,1752.0,301.86,UBS,EQ-LDN,QTY_DIFF,2026-04-19,7,>5d
T107978,2026-04-24,2026-04-27,JPM,SELL,7983.0,432.08,JP Morgan,EQ-NY,2026-04-24,2026-04-27,JPM,SELL,7983.0,434.2404,JP Morgan,EQ-NY,PRICE_TOL,2026-04-24,2,2-5d
T107979,2026-04-23,2026-04-27,BAC,BUY,4877.0,374.0,JP Morgan,EQ-NY,,,,,,,,,MISSING_CUST,2026-04-23,3,2-5d
T107985,2026-04-21,2026-04-26,BAC,BUY,110.0,409.59,UBS,EQ-HK,2026-04-21,2026-04-26,BAC,BUY,121.0,409.59,UBS,EQ-HK,QTY_DIFF,2026-04-21,5,2-5d
T107997,2026-04-18,2026-04-27,VOD.L,BUY,3975.0,478.4,Morgan Stanley,EQ-LDN,2026-04-18,2026-04-27,VOD.L,BUY,3975.0,480.792,Morgan Stanley,EQ-LDN,PRICE_TOL,2026-04-18,8,>5d
T108001,2026-04-23,2026-04-28,GS,SELL,4577.0,235.21,JP Morgan,EQ-LDN,2026-04-23,2026-04-28,GS,SELL,5034.0,235.21,JP Morgan,EQ-LDN,QTY_DIFF,2026-04-23,3,2-5d
T108021,,,,,,,,,2026-04-22,2026-04-28,TSLA,BUY,5452.0,225.83,JP Morgan,EQ-HK,MISSING_INT,2026-04-22,4,2-5d
T108059,2026-04-18,2026-04-27,AMZN,BUY,4853.0,135.25,Goldman Sachs,EQ-NY,2026-04-18,2026-04-27,AMZN,BUY,5338.0,135.25,Goldman Sachs,EQ-NY,QTY_DIFF,2026-04-18,8,>5d
T108070,2026-04-21,2026-04-28,GOOG,SELL,6022.0,317.66,Morgan Stanley,EQ-NY,2026-04-21,2026-04-28,GOOG,SELL,6022.0,317.66,Morgan Stanley,EQ-NY,DUP,2026-04-21,5,2-5d
T108070,2026-04-21,2026-04-28,GOOG,SELL,6022.0,317.66,Morgan Stanley,EQ-NY,2026-04-21,2026-04-28,GOOG,SELL,6022.0,317.66,Morgan Stanley,EQ-NY,DUP,2026-04-21,5,2-5d
T108087,2026-04-22,2026-04-28,MSFT,BUY,6507.0,142.26,Morgan Stanley,EQ-NY,2026-04-22,2026-04-28,MSFT,BUY,7157.0,142.26,Morgan Stanley,EQ-NY,QTY_DIFF,2026-04-22,4,2-5d
T108099,2026-04-25,2026-04-26,BAC,SELL,4402.0,447.94,JP Morgan,EQ-LDN,,,,,,,,,MISSING_CUST,2026-04-25,1,0-1d
T108143,2026-04-25,2026-04-26,MSFT,SELL,9518.0,74.69,Goldman Sachs,EQ-LDN,,,,,,,,,MISSING_CUST,2026-04-25,1,0-1d
T108154,2026-04-17,2026-04-28,BAC,SELL,4011.0,416.79,Goldman Sachs,EQ-NY,2026-04-17,2026-04-28,BAC,SELL,4011.0,416.79,Goldman Sachs,EQ-NY,DUP,2026-04-17,9,>5d
T108154,2026-04-17,2026-04-28,BAC,SELL,4011.0,416.79,Goldman Sachs,EQ-NY,2026-04-17,2026-04-28,BAC,SELL,4011.0,416.79,Goldman Sachs,EQ-NY,DUP,2026-04-17,9,>5d
T108189,2026-04-20,2026-04-27,VOD.L,BUY,635.0,443.7,Goldman Sachs,EQ-HK,2026-04-20,2026-04-27,VOD.L,BUY,635.0,443.7,Goldman Sachs,EQ-HK,DUP,2026-04-20,6,>5d
T108189,2026-04-20,2026-04-27,VOD.L,BUY,635.0,443.7,Goldman Sachs,EQ-HK,2026-04-20,2026-04-27,VOD.L,BUY,635.0,443.7,Goldman Sachs,EQ-HK,DUP,2026-04-20,6,>5d
T108200,2026-04-20,2026-04-28,MSFT,BUY,5329.0,192.93,JP Morgan,EQ-NY,2026-04-20,2026-04-28,MSFT,BUY,5329.0,192.93,JP Morgan,EQ-NY,DUP,2026-04-20,6,>5d
T108200,2026-04-20,2026-04-28,MSFT,BUY,5329.0,192.93,JP Morgan,EQ-NY,2026-04-20,2026-04-28,MSFT,BUY,5329.0,192.93,JP Morgan,EQ-NY,DUP,2026-04-20,6,>5d
T108232,2026-04-26,2026-04-28,VOD.L,BUY,4657.0,429.98,UBS,EQ-LDN,2026-04-26,2026-04-28,VOD.L,BUY,5122.0,429.98,UBS,EQ-LDN,QTY_DIFF,2026-04-26,0,0-1d
T108235,2026-04-23,2026-04-27,JPM,SELL,2011.0,85.07,Goldman Sachs,EQ-NY,,,,,,,,,MISSING_CUST,2026-04-23,3,2-5d
T108248,2026-04-21,2026-04-27,TSLA,BUY,1771.0,498.56,Goldman Sachs,EQ-LDN,2026-04-21,2026-04-27,TSLA,BUY,1771.0,501.0528,Goldman Sachs,EQ-LDN,PRICE_TOL,2026-04-21,5,2-5d
T108265,2026-04-20,2026-04-26,VOD.L,BUY,1020.0,256.19,Barclays,EQ-LDN,,,,,,,,,MISSING_CUST,2026-04-20,6,>5d
T108275,2026-04-19,2026-04-28,TSLA,SELL,925.0,422.41,Morgan Stanley,EQ-HK,,,,,,,,,MISSING_CUST,2026-04-19,7,>5d
T108284,,,,,,,,,2026-04-21,2026-04-26,GOOG,BUY,5712.0,429.59,Barclays,EQ-NY,MISSING_INT,2026-04-21,5,2-5d
T108297,2026-04-26,2026-04-26,HSBA.L,BUY,4508.0,285.3,Goldman Sachs,EQ-LDN,2026-04-26,2026-04-26,HSBA.L,BUY,4508.0,285.3,Goldman Sachs,EQ-LDN,DUP,2026-04-26,0,0-1d
T108297,2026-04-26,2026-04-26,HSBA.L,BUY,4508.0,285.3,Goldman Sachs,EQ-LDN,2026-04-26,2026-04-26,HSBA.L,BUY,4508.0,285.3,Goldman Sachs,EQ-LDN,DUP,2026-04-26,0,0-1d
T108340,2026-04-23,2026-04-26,GS,BUY,499.0,248.05,Citi,EQ-HK,2026-04-23,2026-04-26,GS,BUY,499.0,248.05,Citi,EQ-HK,DUP,2026-04-23,3,2-5d
T108340,2026-04-23,2026-04-26,GS,BUY,499.0,248.05,Citi,EQ-HK,2026-04-23,2026-04-26,GS,BUY,499.0,248.05,Citi,EQ-HK,DUP,2026-04-23,3,2-5d
T108353,2026-04-21,2026-04-26,BAC,SELL,1903.0,248.53,UBS,EQ-LDN,2026-04-21,2026-04-26,BAC,SELL,2093.0,248.53,UBS,EQ-LDN,QTY_DIFF,2026-04-21,5,2-5d
T108356,2026-04-24,2026-04-26,VOD.L,BUY,638.0,61.65,Barclays,EQ-NY,2026-04-24,2026-04-26,VOD.L,BUY,638.0,61.65,Barclays,EQ-NY,DUP,2026-04-24,2,2-5d
T108356,2026-04-24,2026-04-26,VOD.L,BUY,638.0,61.65,Barclays,EQ-NY,2026-04-24,2026-04-26,VOD.L,BUY,638.0,61.65,Barclays,EQ-NY,DUP,2026-04-24,2,2-5d
T108379,,,,,,,,,2026-04-26,2026-04-28,BAC,BUY,5815.0,352.18,UBS,EQ-NY,MISSING_INT,2026-04-26,0,0-1d
T108397,2026-04-23,2026-04-28,TSLA,SELL,3085.0,58.69,Morgan Stanley,EQ-HK,,,,,,,,,MISSING_CUST,2026-04-23,3,2-5d
T108429,2026-04-25,2026-04-28,VOD.L,BUY,7655.0,300.62,Goldman Sachs,EQ-HK,,,,,,,,,MISSING_CUST,2026-04-25,1,0-1d
T108473,,,,,,,,,2026-04-18,2026-04-27,BAC,BUY,9737.0,291.24,JP Morgan,EQ-LDN,MISSING_INT,2026-04-18,8,>5d
T108498,2026-04-22,2026-04-28,AAPL,SELL,1765.0,385.17,Citi,EQ-LDN,2026-04-22,2026-04-28,AAPL,SELL,1765.0,385.17,Citi,EQ-LDN,DUP,2026-04-22,4,2-5d
T108498,2026-04-22,2026-04-28,AAPL,SELL,1765.0,385.17,Citi,EQ-LDN,2026-04-22,2026-04-28,AAPL,SELL,1765.0,385.17,Citi,EQ-LDN,DUP,2026-04-22,4,2-5d
T108500,2026-04-17,2026-04-27,JPM,BUY,8286.0,454.47,Barclays,EQ-HK,2026-04-17,2026-04-27,JPM,BUY,9114.0,454.47,Barclays,EQ-HK,QTY_DIFF,2026-04-17,9,>5d
T108518,2026-04-25,2026-04-26,HSBA.L,BUY,3931.0,125.6,Barclays,EQ-LDN,2026-04-25,2026-04-26,HSBA.L,BUY,3931.0,126.228,Barclays,EQ-LDN,PRICE_TOL,2026-04-25,1,0-1d
T108533,2026-04-17,2026-04-28,TSLA,SELL,561.0,59.84,Morgan Stanley,EQ-HK,2026-04-17,2026-04-28,TSLA,SELL,561.0,60.1392,Morgan Stanley,EQ-HK,PRICE_TOL,2026-04-17,9,>5d
T108539,2026-04-25,2026-04-26,VOD.L,BUY,8773.0,373.09,Goldman Sachs,EQ-HK,2026-04-25,2026-04-26,VOD.L,BUY,8773.0,373.09,Goldman Sachs,EQ-HK,DUP,2026-04-25,1,0-1d
T108539,2026-04-25,2026-04-26,VOD.L,BUY,8773.0,373.09,Goldman Sachs,EQ-HK,2026-04-25,2026-04-26,VOD.L,BUY,8773.0,373.09,Goldman Sachs,EQ-HK,DUP,2026-04-25,1,0-1d
T108576,2026-04-18,2026-04-28,MSFT,BUY,2243.0,272.46,Goldman Sachs,EQ-LDN,2026-04-18,2026-04-28,MSFT,BUY,2243.0,273.8223,Goldman Sachs,EQ-LDN,PRICE_TOL,2026-04-18,8,>5d
T108590,2026-04-25,2026-04-26,AAPL,SELL,9029.0,212.07,Barclays,EQ-NY,2026-04-25,2026-04-26,AAPL,SELL,9029.0,213.1303,Barclays,EQ-NY,PRICE_TOL,2026-04-25,1,0-1d
T108593,2026-04-21,2026-04-26,JPM,BUY,7988.0,290.26,Morgan Stanley,EQ-LDN,2026-04-21,2026-04-26,JPM,BUY,7988.0,291.7113,Morgan Stanley,EQ-LDN,PRICE_TOL,2026-04-21,5,2-5d
T108604,,,,,,,,,2026-04-17,2026-04-27,GS,SELL,7728.0,197.07,JP Morgan,EQ-NY,MISSING_INT,2026-04-17,9,>5d
T108619,2026-04-18,2026-04-27,TSLA,BUY,2027.0,413.17,Goldman Sachs,EQ-HK,2026-04-18,2026-04-27,TSLA,BUY,2027.0,413.17,Goldman Sachs,EQ-HK,DUP,2026-04-18,8,>5d
T108619,2026-04-18,2026-04-27,TSLA,BUY,2027.0,413.17,Goldman Sachs,EQ-HK,2026-04-18,2026-04-27,TSLA,BUY,2027.0,413.17,Goldman Sachs,EQ-HK,DUP,2026-04-18,8,>5d
T108635,2026-04-20,2026-04-28,GS,SELL,1431.0,195.65,JP Morgan,EQ-LDN,,,,,,,,,MISSING_CUST,2026-04-20,6,>5d
T108637,2026-04-19,2026-04-26,TSLA,SELL,9848.0,455.14,Citi,EQ-LDN,2026-04-19,2026-04-26,TSLA,SELL,10832.0,455.14,Citi,EQ-LDN,QTY_DIFF,2026-04-19,7,>5d
T108681,,,,,,,,,2026-04-21,2026-04-27,VOD.L,BUY,8655.0,330.9,Barclays,EQ-LDN,MISSING_INT,2026-04-21,5,2-5d
T108684,2026-04-17,2026-04-27,VOD.L,BUY,6139.0,375.06,Citi,EQ-HK,2026-04-17,2026-04-27,VOD.L,BUY,6752.0,375.06,Citi,EQ-HK,QTY_DIFF,2026-04-17,9,>5d
T108699,2026-04-22,2026-04-28,GS,BUY,6642.0,318.25,JP Morgan,EQ-NY,,,,,,,,,MISSING_CUST,2026-04-22,4,2-5d
T108760,2026-04-23,2026-04-26,GS,BUY,6293.0,378.15,Goldman Sachs,EQ-HK,2026-04-23,2026-04-26,GS,BUY,6293.0,380.0407,Goldman Sachs,EQ-HK,PRICE_TOL,2026-04-23,3,2-5d
T108765,,,,,,,,,2026-04-25,2026-04-28,VOD.L,SELL,1405.0,175.86,Morgan Stanley,EQ-NY,MISSING_INT,2026-04-25,1,0-1d
T108780,2026-04-23,2026-04-28,GS,BUY,5978.0,294.2,Barclays,EQ-HK,2026-04-23,2026-04-28,GS,BUY,6575.0,294.2,Barclays,EQ-HK,QTY_DIFF,2026-04-23,3,2-5d
T108809,2026-04-17,2026-04-27,VOD.L,BUY,6414.0,424.49,Morgan Stanley,EQ-HK,2026-04-17,2026-04-27,VOD.L,BUY,7055.0,424.49,Morgan Stanley,EQ-HK,QTY_DIFF,2026-04-17,9,>5d
T108835,2026-04-17,2026-04-27,GOOG,SELL,1615.0,419.3,Barclays,EQ-HK,2026-04-17,2026-04-27,GOOG,SELL,1776.0,419.3,Barclays,EQ-HK,QTY_DIFF,2026-04-17,9,>5d
T108836,2026-04-23,2026-04-26,VOD.L,BUY,683.0,63.54,JP Morgan,EQ-NY,2026-04-23,2026-04-26,VOD.L,BUY,683.0,63.54,JP Morgan,EQ-NY,DUP,2026-04-23,3,2-5d
T108836,2026-04-23,2026-04-26,VOD.L,BUY,683.0,63.54,JP Morgan,EQ-NY,2026-04-23,2026-04-26,VOD.L,BUY,683.0,63.54,JP Morgan,EQ-NY,DUP,2026-04-23,3,2-5d
T108841,,,,,,,,,2026-04-23,2026-04-27,TSLA,BUY,8008.0,284.04,Goldman Sachs,EQ-HK,MISSING_INT,2026-04-23,3,2-5d
T108843,2026-04-22,2026-04-26,GOOG,SELL,4559.0,320.61,Citi,EQ-NY,,,,,,,,,MISSING_CUST,2026-04-22,4,2-5d
T108861,2026-04-18,2026-04-26,BAC,SELL,3653.0,137.38,JP Morgan,EQ-HK,2026-04-18,2026-04-26,BAC,SELL,4018.0,137.38,JP Morgan,EQ-HK,QTY_DIFF,2026-04-18,8,>5d
T108882,2026-04-20,2026-04-27,VOD.L,BUY,2144.0,436.23,Barclays,EQ-HK,,,,,,,,,MISSING_CUST,2026-04-20,6,>5d
T108988,2026-04-25,2026-04-26,GS,BUY,6638.0,352.17,UBS,EQ-LDN,2026-04-25,2026-04-26,GS,BUY,6638.0,353.9308,UBS,EQ-LDN,PRICE_TOL,2026-04-25,1,0-1d
T108993,2026-04-24,2026-04-27,AAPL,SELL,3417.0,397.91,UBS,EQ-NY,2026-04-24,2026-04-27,AAPL,SELL,3417.0,399.8995,UBS,EQ-NY,PRICE_TOL,2026-04-24,2,2-5d
T109020,2026-04-26,2026-04-28,BAC,SELL,6521.0,262.46,Barclays,EQ-NY,2026-04-26,2026-04-28,BAC,SELL,6521.0,263.7723,Barclays,EQ-NY,PRICE_TOL,2026-04-26,0,0-1d
T109040,,,,,,,,,2026-04-19,2026-04-27,MSFT,SELL,9053.0,342.71,Citi,EQ-NY,MISSING_INT,2026-04-19,7,>5d
T109043,2026-04-17,2026-04-28,AAPL,BUY,6051.0,289.97,UBS,EQ-NY,2026-04-17,2026-04-28,AAPL,BUY,6051.0,289.97,UBS,EQ-NY,DUP,2026-04-17,9,>5d
T109043,2026-04-17,2026-04-28,AAPL,BUY,6051.0,289.97,UBS,EQ-NY,2026-04-17,2026-04-28,AAPL,BUY,6051.0,289.97,UBS,EQ-NY,DUP,2026-04-17,9,>5d
T109045,2026-04-26,2026-04-27,AMZN,SELL,6966.0,269.61,JP Morgan,EQ-LDN,,,,,,,,,MISSING_CUST,2026-04-26,0,0-1d
T109068,,,,,,,,,2026-04-20,2026-04-28,VOD.L,SELL,6006.0,375.77,Barclays,EQ-LDN,MISSING_INT,2026-04-20,6,>5d
T109084,2026-04-24,2026-04-27,MSFT,BUY,3291.0,379.74,JP Morgan,EQ-LDN,,,,,,,,,MISSING_CUST,2026-04-24,2,2-5d
T109086,,,,,,,,,2026-04-20,2026-04-27,JPM,BUY,2215.0,423.81,UBS,EQ-HK,MISSING_INT,2026-04-20,6,>5d
T109093,2026-04-25,2026-04-28,AAPL,BUY,6048.0,328.74,Morgan Stanley,EQ-LDN,2026-04-25,2026-04-28,AAPL,BUY,6652.0,328.74,Morgan Stanley,EQ-LDN,QTY_DIFF,2026-04-25,1,0-1d
T109115,2026-04-21,2026-04-26,JPM,SELL,8548.0,381.98,Goldman Sachs,EQ-HK,2026-04-21,2026-04-26,JPM,SELL,8548.0,381.98,Goldman Sachs,EQ-HK,DUP,2026-04-21,5,2-5d
T109115,2026-04-21,2026-04-26,JPM,SELL,8548.0,381.98,Goldman Sachs,EQ-HK,2026-04-21,2026-04-26,JPM,SELL,8548.0,381.98,Goldman Sachs,EQ-HK,DUP,2026-04-21,5,2-5d
T109190,2026-04-21,2026-04-28,VOD.L,BUY,2040.0,253.21,Goldman Sachs,EQ-HK,2026-04-21,2026-04-28,VOD.L,BUY,2040.0,254.476,Goldman Sachs,EQ-HK,PRICE_TOL,2026-04-21,5,2-5d
T109201,2026-04-17,2026-04-28,AAPL,BUY,6187.0,112.25,JP Morgan,EQ-NY,2026-04-17,2026-04-28,AAPL,BUY,6805.0,112.25,JP Morgan,EQ-NY,QTY_DIFF,2026-04-17,9,>5d
T109225,2026-04-18,2026-04-27,GOOG,SELL,254.0,246.28,UBS,EQ-LDN,2026-04-18,2026-04-27,GOOG,SELL,254.0,246.28,UBS,EQ-LDN,DUP,2026-04-18,8,>5d
T109225,2026-04-18,2026-04-27,GOOG,SELL,254.0,246.28,UBS,EQ-LDN,2026-04-18,2026-04-27,GOOG,SELL,254.0,246.28,UBS,EQ-LDN,DUP,2026-04-18,8,>5d
T109282,2026-04-23,2026-04-27,GS,BUY,987.0,255.32,JP Morgan,EQ-NY,2026-04-23,2026-04-27,GS,BUY,987.0,256.5966,JP Morgan,EQ-NY,PRICE_TOL,2026-04-23,3,2-5d
T109295,2026-04-22,2026-04-27,HSBA.L,BUY,8777.0,394.75,Morgan Stanley,EQ-HK,2026-04-22,2026-04-27,HSBA.L,BUY,9654.0,394.75,Morgan Stanley,EQ-HK,QTY_DIFF,2026-04-22,4,2-5d
T109346,2026-04-22,2026-04-28,VOD.L,SELL,4401.0,119.47,JP Morgan,EQ-NY,2026-04-22,2026-04-28,VOD.L,SELL,4401.0,120.0674,JP Morgan,EQ-NY,PRICE_TOL,2026-04-22,4,2-5d
T109356,2026-04-24,2026-04-26,TSLA,BUY,7659.0,60.08,Goldman Sachs,EQ-LDN,2026-04-24,2026-04-26,TSLA,BUY,7659.0,60.08,Goldman Sachs,EQ-LDN,DUP,2026-04-24,2,2-5d
T109356,2026-04-24,2026-04-26,TSLA,BUY,7659.0,60.08,Goldman Sachs,EQ-LDN,2026-04-24,2026-04-26,TSLA,BUY,7659.0,60.08,Goldman Sachs,EQ-LDN,DUP,2026-04-24,2,2-5d
T109374,,,,,,,,,2026-04-22,2026-04-26,AAPL,BUY,4486.0,197.72,UBS,EQ-NY,MISSING_INT,2026-04-22,4,2-5d
T109390,2026-04-26,2026-04-28,GS,SELL,9199.0,224.26,Goldman Sachs,EQ-HK,2026-04-26,2026-04-28,GS,SELL,9199.0,224.26,Goldman Sachs,EQ-HK,DUP,2026-04-26,0,0-1d
T109390,2026-04-26,2026-04-28,GS,SELL,9199.0,224.26,Goldman Sachs,EQ-HK,2026-04-26,2026-04-28,GS,SELL,9199.0,224.26,Goldman Sachs,EQ-HK,DUP,2026-04-26,0,0-1d
T109412,2026-04-22,2026-04-27,VOD.L,BUY,5051.0,93.46,UBS,EQ-LDN,,,,,,,,,MISSING_CUST,2026-04-22,4,2-5d
T109433,,,,,,,,,2026-04-20,2026-04-26,AAPL,BUY,5965.0,58.25,JP Morgan,EQ-NY,MISSING_INT,2026-04-20,6,>5d
T109468,2026-04-18,2026-04-26,VOD.L,BUY,4840.0,93.75,Goldman Sachs,EQ-LDN,2026-04-18,2026-04-26,VOD.L,BUY,5324.0,93.75,Goldman Sachs,EQ-LDN,QTY_DIFF,2026-04-18,8,>5d
T109483,2026-04-24,2026-04-27,GOOG,BUY,1460.0,490.29,UBS,EQ-LDN,2026-04-24,2026-04-27,GOOG,BUY,1460.0,492.7414,UBS,EQ-LDN,PRICE_TOL,2026-04-24,2,2-5d
T109484,2026-04-20,2026-04-27,GS,SELL,3167.0,380.37,Morgan Stanley,EQ-LDN,,,,,,,,,MISSING_CUST,2026-04-20,6,>5d
T109493,,,,,,,,,2026-04-18,2026-04-26,GS,BUY,6019.0,439.73,Morgan Stanley,EQ-HK,MISSING_INT,2026-04-18,8,>5d
T109507,2026-04-21,2026-04-26,GOOG,BUY,760.0,497.98,Goldman Sachs,EQ-NY,2026-04-21,2026-04-26,GOOG,BUY,836.0,497.98,Goldman Sachs,EQ-NY,QTY_DIFF,2026-04-21,5,2-5d
T109516,,,,,,,,,2026-04-23,2026-04-26,TSLA,SELL,9576.0,372.51,Barclays,EQ-HK,MISSING_INT,2026-04-23,3,2-5d
T109519,2026-04-24,2026-04-28,MSFT,SELL,7015.0,192.11,JP Morgan,EQ-LDN,,,,,,,,,MISSING_CUST,2026-04-24,2,2-5d
T109526,,,,,,,,,2026-04-18,2026-04-28,JPM,SELL,6389.0,161.32,JP Morgan,EQ-NY,MISSING_INT,2026-04-18,8,>5d
T109551,2026-04-25,2026-04-28,JPM,BUY,7873.0,134.57,Goldman Sachs,EQ-LDN,2026-04-25,2026-04-28,JPM,BUY,7873.0,135.2428,Goldman Sachs,EQ-LDN,PRICE_TOL,2026-04-25,1,0-1d
T109588,2026-04-24,2026-04-28,HSBA.L,BUY,5653.0,485.94,Morgan Stanley,EQ-NY,,,,,,,,,MISSING_CUST,2026-04-24,2,2-5d
T109603,2026-04-26,2026-04-28,JPM,SELL,7931.0,211.88,Goldman Sachs,EQ-HK,2026-04-26,2026-04-28,JPM,SELL,7931.0,212.9394,Goldman Sachs,EQ-HK,PRICE_TOL,2026-04-26,0,0-1d
T109607,2026-04-26,2026-04-26,BAC,SELL,4240.0,107.8,Goldman Sachs,EQ-HK,2026-04-26,2026-04-26,BAC,SELL,4664.0,107.8,Goldman Sachs,EQ-HK,QTY_DIFF,2026-04-26,0,0-1d
T109618,2026-04-23,2026-04-26,AMZN,SELL,7250.0,111.26,JP Morgan,EQ-LDN,2026-04-23,2026-04-26,AMZN,SELL,7250.0,111.8163,JP Morgan,EQ-LDN,PRICE_TOL,2026-04-23,3,2-5d
T109649,2026-04-23,2026-04-26,TSLA,BUY,5452.0,445.27,Morgan Stanley,EQ-HK,,,,,,,,,MISSING_CUST,2026-04-23,3,2-5d
T109650,2026-04-24,2026-04-26,AMZN,BUY,2276.0,227.53,Morgan Stanley,EQ-HK,2026-04-24,2026-04-26,AMZN,BUY,2503.0,227.53,Morgan Stanley,EQ-HK,QTY_DIFF,2026-04-24,2,2-5d
T109694,2026-04-25,2026-04-28,MSFT,SELL,7199.0,363.21,Goldman Sachs,EQ-LDN,2026-04-25,2026-04-28,MSFT,SELL,7918.0,363.21,Goldman Sachs,EQ-LDN,QTY_DIFF,2026-04-25,1,0-1d
T109695,2026-04-24,2026-04-26,GOOG,BUY,6521.0,345.22,Barclays,EQ-HK,2026-04-24,2026-04-26,GOOG,BUY,6521.0,346.9461,Barclays,EQ-HK,PRICE_TOL,2026-04-24,2,2-5d
T109706,,,,,,,,,2026-04-19,2026-04-26,GS,BUY,6548.0,481.22,JP Morgan,EQ-LDN,MISSING_INT,2026-04-19,7,>5d
T109763,2026-04-24,2026-04-28,VOD.L,SELL,7104.0,479.17,Citi,EQ-LDN,2026-04-24,2026-04-28,VOD.L,SELL,7104.0,481.5658,Citi,EQ-LDN,PRICE_TOL,2026-04-24,2,2-5d
T109784,2026-04-26,2026-04-28,TSLA,BUY,9239.0,308.07,JP Morgan,EQ-LDN,,,,,,,,,MISSING_CUST,2026-04-26,0,0-1d
T109812,2026-04-18,2026-04-26,AAPL,SELL,4748.0,472.04,Citi,EQ-HK,,,,,,,,,MISSING_CUST,2026-04-18,8,>5d
T109837,2026-04-26,2026-04-27,VOD.L,BUY,9084.0,336.98,Goldman Sachs,EQ-NY,2026-04-26,2026-04-27,VOD.L,BUY,9992.0,336.98,Goldman Sachs,EQ-NY,QTY_DIFF,2026-04-26,0,0-1d
T109846,2026-04-25,2026-04-27,GOOG,SELL,357.0,161.27,Goldman Sachs,EQ-LDN,,,,,,,,,MISSING_CUST,2026-04-25,1,0-1d
T109860,2026-04-25,2026-04-28,GS,BUY,7557.0,458.89,UBS,EQ-HK,2026-04-25,2026-04-28,GS,BUY,7557.0,458.89,UBS,EQ-HK,DUP,2026-04-25,1,0-1d
T109860,2026-04-25,2026-04-28,GS,BUY,7557.0,458.89,UBS,EQ-HK,2026-04-25,2026-04-28,GS,BUY,7557.0,458.89,UBS,EQ-HK,DUP,2026-04-25,1,0-1d
